instance_count	machine_type	slots	memory	data_size_MB	pages	links	convergence_criterion	gross_runtime
2	m4.2xlarge	16	64000	284	2000000	20000000	0.001	382
2	m4.2xlarge	16	64000	284	2000000	20000000	0.001	396
2	m4.2xlarge	16	64000	284	2000000	20000000	0.001	398
2	m4.2xlarge	16	64000	284	2000000	20000000	0.001	398
2	m4.2xlarge	16	64000	284	2000000	20000000	0.001	400
2	r4.2xlarge	16	122000	131	1000000	10000000	0.0001	246
2	r4.2xlarge	16	122000	131	1000000	10000000	0.0001	248
2	r4.2xlarge	16	122000	131	1000000	10000000	0.0001	248
2	r4.2xlarge	16	122000	131	1000000	10000000	0.0001	248
2	r4.2xlarge	16	122000	131	1000000	10000000	0.0001	252
2	r4.2xlarge	16	122000	131	1000000	10000000	0.0005	206
2	r4.2xlarge	16	122000	131	1000000	10000000	0.0005	208
2	r4.2xlarge	16	122000	131	1000000	10000000	0.0005	210
2	r4.2xlarge	16	122000	131	1000000	10000000	0.0005	210
2	r4.2xlarge	16	122000	131	1000000	10000000	0.0005	210
2	r4.2xlarge	16	122000	131	1000000	10000000	0.001	190
2	r4.2xlarge	16	122000	131	1000000	10000000	0.001	192
2	r4.2xlarge	16	122000	131	1000000	10000000	0.001	192
2	r4.2xlarge	16	122000	131	1000000	10000000	0.001	192
2	r4.2xlarge	16	122000	131	1000000	10000000	0.001	194
2	r4.2xlarge	16	122000	131	1000000	10000000	0.005	152
2	r4.2xlarge	16	122000	131	1000000	10000000	0.005	152
2	r4.2xlarge	16	122000	131	1000000	10000000	0.005	152
2	r4.2xlarge	16	122000	131	1000000	10000000	0.005	154
2	r4.2xlarge	16	122000	131	1000000	10000000	0.005	156
2	r4.2xlarge	16	122000	131	1000000	10000000	0.01	136
2	r4.2xlarge	16	122000	131	1000000	10000000	0.01	136
2	r4.2xlarge	16	122000	131	1000000	10000000	0.01	138
2	r4.2xlarge	16	122000	131	1000000	10000000	0.01	138
2	r4.2xlarge	16	122000	131	1000000	10000000	0.01	140
2	r4.2xlarge	16	122000	142	2000000	10000000	0.0001	364
2	r4.2xlarge	16	122000	142	2000000	10000000	0.0001	366
2	r4.2xlarge	16	122000	142	2000000	10000000	0.0001	370
2	r4.2xlarge	16	122000	142	2000000	10000000	0.0001	370
2	r4.2xlarge	16	122000	142	2000000	10000000	0.0001	370
2	r4.2xlarge	16	122000	142	2000000	10000000	0.0005	302
2	r4.2xlarge	16	122000	142	2000000	10000000	0.0005	304
2	r4.2xlarge	16	122000	142	2000000	10000000	0.0005	304
2	r4.2xlarge	16	122000	142	2000000	10000000	0.0005	306
2	r4.2xlarge	16	122000	142	2000000	10000000	0.0005	306
2	r4.2xlarge	16	122000	142	2000000	10000000	0.001	274
2	r4.2xlarge	16	122000	142	2000000	10000000	0.001	276
2	r4.2xlarge	16	122000	142	2000000	10000000	0.001	276
2	r4.2xlarge	16	122000	142	2000000	10000000	0.001	276
2	r4.2xlarge	16	122000	142	2000000	10000000	0.001	278
2	r4.2xlarge	16	122000	142	2000000	10000000	0.005	212
2	r4.2xlarge	16	122000	142	2000000	10000000	0.005	214
2	r4.2xlarge	16	122000	142	2000000	10000000	0.005	216
2	r4.2xlarge	16	122000	142	2000000	10000000	0.005	216
2	r4.2xlarge	16	122000	142	2000000	10000000	0.005	220
2	r4.2xlarge	16	122000	142	2000000	10000000	0.01	186
2	r4.2xlarge	16	122000	142	2000000	10000000	0.01	186
2	r4.2xlarge	16	122000	142	2000000	10000000	0.01	188
2	r4.2xlarge	16	122000	142	2000000	10000000	0.01	194
2	r4.2xlarge	16	122000	142	2000000	10000000	0.01	220
2	r4.2xlarge	16	122000	145	3000000	10000000	0.0001	402
2	r4.2xlarge	16	122000	145	3000000	10000000	0.0001	406
2	r4.2xlarge	16	122000	145	3000000	10000000	0.0001	408
2	r4.2xlarge	16	122000	145	3000000	10000000	0.0001	408
2	r4.2xlarge	16	122000	145	3000000	10000000	0.0001	410
2	r4.2xlarge	16	122000	145	3000000	10000000	0.0005	334
2	r4.2xlarge	16	122000	145	3000000	10000000	0.0005	338
2	r4.2xlarge	16	122000	145	3000000	10000000	0.0005	338
2	r4.2xlarge	16	122000	145	3000000	10000000	0.0005	338
2	r4.2xlarge	16	122000	145	3000000	10000000	0.0005	340
2	r4.2xlarge	16	122000	145	3000000	10000000	0.001	306
2	r4.2xlarge	16	122000	145	3000000	10000000	0.001	308
2	r4.2xlarge	16	122000	145	3000000	10000000	0.001	310
2	r4.2xlarge	16	122000	145	3000000	10000000	0.001	312
2	r4.2xlarge	16	122000	145	3000000	10000000	0.001	372
2	r4.2xlarge	16	122000	145	3000000	10000000	0.005	234
2	r4.2xlarge	16	122000	145	3000000	10000000	0.005	238
2	r4.2xlarge	16	122000	145	3000000	10000000	0.005	238
2	r4.2xlarge	16	122000	145	3000000	10000000	0.005	240
2	r4.2xlarge	16	122000	145	3000000	10000000	0.005	242
2	r4.2xlarge	16	122000	145	3000000	10000000	0.01	206
2	r4.2xlarge	16	122000	145	3000000	10000000	0.01	206
2	r4.2xlarge	16	122000	145	3000000	10000000	0.01	208
2	r4.2xlarge	16	122000	145	3000000	10000000	0.01	208
2	r4.2xlarge	16	122000	145	3000000	10000000	0.01	244
2	r4.2xlarge	16	122000	263	1000000	20000000	0.0001	326
2	r4.2xlarge	16	122000	263	1000000	20000000	0.0001	328
2	r4.2xlarge	16	122000	263	1000000	20000000	0.0001	328
2	r4.2xlarge	16	122000	263	1000000	20000000	0.0001	356
2	r4.2xlarge	16	122000	263	1000000	20000000	0.0001	356
2	r4.2xlarge	16	122000	263	1000000	20000000	0.0005	272
2	r4.2xlarge	16	122000	263	1000000	20000000	0.0005	278
2	r4.2xlarge	16	122000	263	1000000	20000000	0.0005	296
2	r4.2xlarge	16	122000	263	1000000	20000000	0.0005	298
2	r4.2xlarge	16	122000	263	1000000	20000000	0.0005	300
2	r4.2xlarge	16	122000	263	1000000	20000000	0.001	256
2	r4.2xlarge	16	122000	263	1000000	20000000	0.001	258
2	r4.2xlarge	16	122000	263	1000000	20000000	0.001	268
2	r4.2xlarge	16	122000	263	1000000	20000000	0.001	274
2	r4.2xlarge	16	122000	263	1000000	20000000	0.001	274
2	r4.2xlarge	16	122000	263	1000000	20000000	0.005	196
2	r4.2xlarge	16	122000	263	1000000	20000000	0.005	200
2	r4.2xlarge	16	122000	263	1000000	20000000	0.005	208
2	r4.2xlarge	16	122000	263	1000000	20000000	0.005	216
2	r4.2xlarge	16	122000	263	1000000	20000000	0.005	230
2	r4.2xlarge	16	122000	263	1000000	20000000	0.01	174
2	r4.2xlarge	16	122000	263	1000000	20000000	0.01	186
2	r4.2xlarge	16	122000	263	1000000	20000000	0.01	188
2	r4.2xlarge	16	122000	263	1000000	20000000	0.01	190
2	r4.2xlarge	16	122000	263	1000000	20000000	0.01	204
2	r4.2xlarge	16	122000	284	2000000	20000000	0.0001	520
2	r4.2xlarge	16	122000	284	2000000	20000000	0.0001	522
2	r4.2xlarge	16	122000	284	2000000	20000000	0.0001	524
2	r4.2xlarge	16	122000	284	2000000	20000000	0.0001	580
2	r4.2xlarge	16	122000	284	2000000	20000000	0.0001	676
2	r4.2xlarge	16	122000	284	2000000	20000000	0.0005	424
2	r4.2xlarge	16	122000	284	2000000	20000000	0.0005	472
2	r4.2xlarge	16	122000	284	2000000	20000000	0.0005	472
2	r4.2xlarge	16	122000	284	2000000	20000000	0.0005	476
2	r4.2xlarge	16	122000	284	2000000	20000000	0.0005	476
2	r4.2xlarge	16	122000	284	2000000	20000000	0.001	384
2	r4.2xlarge	16	122000	284	2000000	20000000	0.001	388
2	r4.2xlarge	16	122000	284	2000000	20000000	0.001	424
2	r4.2xlarge	16	122000	284	2000000	20000000	0.001	426
2	r4.2xlarge	16	122000	284	2000000	20000000	0.001	432
2	r4.2xlarge	16	122000	284	2000000	20000000	0.005	292
2	r4.2xlarge	16	122000	284	2000000	20000000	0.005	292
2	r4.2xlarge	16	122000	284	2000000	20000000	0.005	294
2	r4.2xlarge	16	122000	284	2000000	20000000	0.005	298
2	r4.2xlarge	16	122000	284	2000000	20000000	0.005	320
2	r4.2xlarge	16	122000	284	2000000	20000000	0.01	250
2	r4.2xlarge	16	122000	284	2000000	20000000	0.01	256
2	r4.2xlarge	16	122000	284	2000000	20000000	0.01	272
2	r4.2xlarge	16	122000	284	2000000	20000000	0.01	276
2	r4.2xlarge	16	122000	284	2000000	20000000	0.01	276
2	r4.2xlarge	16	122000	291	3000000	20000000	0.0001	668
2	r4.2xlarge	16	122000	291	3000000	20000000	0.0001	670
2	r4.2xlarge	16	122000	291	3000000	20000000	0.0001	744
2	r4.2xlarge	16	122000	291	3000000	20000000	0.0001	748
2	r4.2xlarge	16	122000	291	3000000	20000000	0.0001	870
2	r4.2xlarge	16	122000	291	3000000	20000000	0.0005	532
2	r4.2xlarge	16	122000	291	3000000	20000000	0.0005	540
2	r4.2xlarge	16	122000	291	3000000	20000000	0.0005	550
2	r4.2xlarge	16	122000	291	3000000	20000000	0.0005	574
2	r4.2xlarge	16	122000	291	3000000	20000000	0.0005	602
2	r4.2xlarge	16	122000	291	3000000	20000000	0.001	480
2	r4.2xlarge	16	122000	291	3000000	20000000	0.001	484
2	r4.2xlarge	16	122000	291	3000000	20000000	0.001	484
2	r4.2xlarge	16	122000	291	3000000	20000000	0.001	484
2	r4.2xlarge	16	122000	291	3000000	20000000	0.001	484
2	r4.2xlarge	16	122000	291	3000000	20000000	0.005	360
2	r4.2xlarge	16	122000	291	3000000	20000000	0.005	360
2	r4.2xlarge	16	122000	291	3000000	20000000	0.005	368
2	r4.2xlarge	16	122000	291	3000000	20000000	0.005	378
2	r4.2xlarge	16	122000	291	3000000	20000000	0.005	404
2	r4.2xlarge	16	122000	291	3000000	20000000	0.01	304
2	r4.2xlarge	16	122000	291	3000000	20000000	0.01	306
2	r4.2xlarge	16	122000	291	3000000	20000000	0.01	312
2	r4.2xlarge	16	122000	291	3000000	20000000	0.01	314
2	r4.2xlarge	16	122000	291	3000000	20000000	0.01	340
2	r4.2xlarge	16	122000	394	1000000	30000000	0.0001	418
2	r4.2xlarge	16	122000	394	1000000	30000000	0.0001	418
2	r4.2xlarge	16	122000	394	1000000	30000000	0.0001	418
2	r4.2xlarge	16	122000	394	1000000	30000000	0.0001	454
2	r4.2xlarge	16	122000	394	1000000	30000000	0.0001	456
2	r4.2xlarge	16	122000	394	1000000	30000000	0.0005	348
2	r4.2xlarge	16	122000	394	1000000	30000000	0.0005	350
2	r4.2xlarge	16	122000	394	1000000	30000000	0.0005	350
2	r4.2xlarge	16	122000	394	1000000	30000000	0.0005	352
2	r4.2xlarge	16	122000	394	1000000	30000000	0.0005	352
2	r4.2xlarge	16	122000	394	1000000	30000000	0.001	316
2	r4.2xlarge	16	122000	394	1000000	30000000	0.001	316
2	r4.2xlarge	16	122000	394	1000000	30000000	0.001	338
2	r4.2xlarge	16	122000	394	1000000	30000000	0.001	340
2	r4.2xlarge	16	122000	394	1000000	30000000	0.001	340
2	r4.2xlarge	16	122000	394	1000000	30000000	0.005	246
2	r4.2xlarge	16	122000	394	1000000	30000000	0.005	248
2	r4.2xlarge	16	122000	394	1000000	30000000	0.005	248
2	r4.2xlarge	16	122000	394	1000000	30000000	0.005	248
2	r4.2xlarge	16	122000	394	1000000	30000000	0.005	266
2	r4.2xlarge	16	122000	394	1000000	30000000	0.01	216
2	r4.2xlarge	16	122000	394	1000000	30000000	0.01	218
2	r4.2xlarge	16	122000	394	1000000	30000000	0.01	220
2	r4.2xlarge	16	122000	394	1000000	30000000	0.01	228
2	r4.2xlarge	16	122000	394	1000000	30000000	0.01	232
2	r4.2xlarge	16	122000	426	2000000	30000000	0.0001	666
2	r4.2xlarge	16	122000	426	2000000	30000000	0.0001	666
2	r4.2xlarge	16	122000	426	2000000	30000000	0.0001	668
2	r4.2xlarge	16	122000	426	2000000	30000000	0.0001	668
2	r4.2xlarge	16	122000	426	2000000	30000000	0.0001	718
2	r4.2xlarge	16	122000	426	2000000	30000000	0.0005	544
2	r4.2xlarge	16	122000	426	2000000	30000000	0.0005	544
2	r4.2xlarge	16	122000	426	2000000	30000000	0.0005	546
2	r4.2xlarge	16	122000	426	2000000	30000000	0.0005	546
2	r4.2xlarge	16	122000	426	2000000	30000000	0.0005	552
2	r4.2xlarge	16	122000	426	2000000	30000000	0.001	490
2	r4.2xlarge	16	122000	426	2000000	30000000	0.001	492
2	r4.2xlarge	16	122000	426	2000000	30000000	0.001	492
2	r4.2xlarge	16	122000	426	2000000	30000000	0.001	496
2	r4.2xlarge	16	122000	426	2000000	30000000	0.001	540
2	r4.2xlarge	16	122000	426	2000000	30000000	0.005	368
2	r4.2xlarge	16	122000	426	2000000	30000000	0.005	368
2	r4.2xlarge	16	122000	426	2000000	30000000	0.005	370
2	r4.2xlarge	16	122000	426	2000000	30000000	0.005	372
2	r4.2xlarge	16	122000	426	2000000	30000000	0.005	402
2	r4.2xlarge	16	122000	426	2000000	30000000	0.01	324
2	r4.2xlarge	16	122000	426	2000000	30000000	0.01	324
2	r4.2xlarge	16	122000	426	2000000	30000000	0.01	324
2	r4.2xlarge	16	122000	426	2000000	30000000	0.01	326
2	r4.2xlarge	16	122000	426	2000000	30000000	0.01	352
2	r4.2xlarge	16	122000	436	3000000	30000000	0.0001	838
2	r4.2xlarge	16	122000	436	3000000	30000000	0.0001	842
2	r4.2xlarge	16	122000	436	3000000	30000000	0.0001	844
2	r4.2xlarge	16	122000	436	3000000	30000000	0.0001	844
2	r4.2xlarge	16	122000	436	3000000	30000000	0.0001	844
2	r4.2xlarge	16	122000	436	3000000	30000000	0.0005	682
2	r4.2xlarge	16	122000	436	3000000	30000000	0.0005	682
2	r4.2xlarge	16	122000	436	3000000	30000000	0.0005	686
2	r4.2xlarge	16	122000	436	3000000	30000000	0.0005	686
2	r4.2xlarge	16	122000	436	3000000	30000000	0.0005	688
2	r4.2xlarge	16	122000	436	3000000	30000000	0.001	614
2	r4.2xlarge	16	122000	436	3000000	30000000	0.001	618
2	r4.2xlarge	16	122000	436	3000000	30000000	0.001	620
2	r4.2xlarge	16	122000	436	3000000	30000000	0.001	622
2	r4.2xlarge	16	122000	436	3000000	30000000	0.001	622
2	r4.2xlarge	16	122000	436	3000000	30000000	0.005	460
2	r4.2xlarge	16	122000	436	3000000	30000000	0.005	462
2	r4.2xlarge	16	122000	436	3000000	30000000	0.005	462
2	r4.2xlarge	16	122000	436	3000000	30000000	0.005	466
2	r4.2xlarge	16	122000	436	3000000	30000000	0.005	496
2	r4.2xlarge	16	122000	436	3000000	30000000	0.01	390
2	r4.2xlarge	16	122000	436	3000000	30000000	0.01	392
2	r4.2xlarge	16	122000	436	3000000	30000000	0.01	396
2	r4.2xlarge	16	122000	436	3000000	30000000	0.01	398
2	r4.2xlarge	16	122000	436	3000000	30000000	0.01	398
2	r4.xlarge	8	61000	284	2000000	20000000	0.001	652
2	r4.xlarge	8	61000	284	2000000	20000000	0.001	676
2	r4.xlarge	8	61000	284	2000000	20000000	0.001	680
2	r4.xlarge	8	61000	284	2000000	20000000	0.001	686
2	r4.xlarge	8	61000	284	2000000	20000000	0.001	714
4	m4.2xlarge	32	128000	284	2000000	20000000	0.001	298
4	m4.2xlarge	32	128000	284	2000000	20000000	0.001	300
4	m4.2xlarge	32	128000	284	2000000	20000000	0.001	312
4	m4.2xlarge	32	128000	284	2000000	20000000	0.001	316
4	m4.2xlarge	32	128000	284	2000000	20000000	0.001	320
4	r4.2xlarge	32	244000	131	1000000	10000000	0.0001	230
4	r4.2xlarge	32	244000	131	1000000	10000000	0.0001	230
4	r4.2xlarge	32	244000	131	1000000	10000000	0.0001	230
4	r4.2xlarge	32	244000	131	1000000	10000000	0.0001	232
4	r4.2xlarge	32	244000	131	1000000	10000000	0.0001	238
4	r4.2xlarge	32	244000	131	1000000	10000000	0.0005	186
4	r4.2xlarge	32	244000	131	1000000	10000000	0.0005	188
4	r4.2xlarge	32	244000	131	1000000	10000000	0.0005	190
4	r4.2xlarge	32	244000	131	1000000	10000000	0.0005	190
4	r4.2xlarge	32	244000	131	1000000	10000000	0.0005	192
4	r4.2xlarge	32	244000	131	1000000	10000000	0.001	172
4	r4.2xlarge	32	244000	131	1000000	10000000	0.001	174
4	r4.2xlarge	32	244000	131	1000000	10000000	0.001	174
4	r4.2xlarge	32	244000	131	1000000	10000000	0.001	174
4	r4.2xlarge	32	244000	131	1000000	10000000	0.001	174
4	r4.2xlarge	32	244000	131	1000000	10000000	0.005	134
4	r4.2xlarge	32	244000	131	1000000	10000000	0.005	134
4	r4.2xlarge	32	244000	131	1000000	10000000	0.005	138
4	r4.2xlarge	32	244000	131	1000000	10000000	0.005	138
4	r4.2xlarge	32	244000	131	1000000	10000000	0.005	138
4	r4.2xlarge	32	244000	131	1000000	10000000	0.01	118
4	r4.2xlarge	32	244000	131	1000000	10000000	0.01	118
4	r4.2xlarge	32	244000	131	1000000	10000000	0.01	120
4	r4.2xlarge	32	244000	131	1000000	10000000	0.01	120
4	r4.2xlarge	32	244000	131	1000000	10000000	0.01	122
4	r4.2xlarge	32	244000	142	2000000	10000000	0.0001	326
4	r4.2xlarge	32	244000	142	2000000	10000000	0.0001	330
4	r4.2xlarge	32	244000	142	2000000	10000000	0.0001	332
4	r4.2xlarge	32	244000	142	2000000	10000000	0.0001	332
4	r4.2xlarge	32	244000	142	2000000	10000000	0.0001	344
4	r4.2xlarge	32	244000	142	2000000	10000000	0.0005	274
4	r4.2xlarge	32	244000	142	2000000	10000000	0.0005	280
4	r4.2xlarge	32	244000	142	2000000	10000000	0.0005	282
4	r4.2xlarge	32	244000	142	2000000	10000000	0.0005	290
4	r4.2xlarge	32	244000	142	2000000	10000000	0.0005	292
4	r4.2xlarge	32	244000	142	2000000	10000000	0.001	246
4	r4.2xlarge	32	244000	142	2000000	10000000	0.001	246
4	r4.2xlarge	32	244000	142	2000000	10000000	0.001	260
4	r4.2xlarge	32	244000	142	2000000	10000000	0.001	260
4	r4.2xlarge	32	244000	142	2000000	10000000	0.001	266
4	r4.2xlarge	32	244000	142	2000000	10000000	0.005	190
4	r4.2xlarge	32	244000	142	2000000	10000000	0.005	192
4	r4.2xlarge	32	244000	142	2000000	10000000	0.005	194
4	r4.2xlarge	32	244000	142	2000000	10000000	0.005	198
4	r4.2xlarge	32	244000	142	2000000	10000000	0.005	204
4	r4.2xlarge	32	244000	142	2000000	10000000	0.01	162
4	r4.2xlarge	32	244000	142	2000000	10000000	0.01	170
4	r4.2xlarge	32	244000	142	2000000	10000000	0.01	174
4	r4.2xlarge	32	244000	142	2000000	10000000	0.01	176
4	r4.2xlarge	32	244000	142	2000000	10000000	0.01	178
4	r4.2xlarge	32	244000	145	3000000	10000000	0.0001	360
4	r4.2xlarge	32	244000	145	3000000	10000000	0.0001	364
4	r4.2xlarge	32	244000	145	3000000	10000000	0.0001	366
4	r4.2xlarge	32	244000	145	3000000	10000000	0.0001	366
4	r4.2xlarge	32	244000	145	3000000	10000000	0.0001	384
4	r4.2xlarge	32	244000	145	3000000	10000000	0.0005	296
4	r4.2xlarge	32	244000	145	3000000	10000000	0.0005	302
4	r4.2xlarge	32	244000	145	3000000	10000000	0.0005	308
4	r4.2xlarge	32	244000	145	3000000	10000000	0.0005	308
4	r4.2xlarge	32	244000	145	3000000	10000000	0.0005	314
4	r4.2xlarge	32	244000	145	3000000	10000000	0.001	274
4	r4.2xlarge	32	244000	145	3000000	10000000	0.001	276
4	r4.2xlarge	32	244000	145	3000000	10000000	0.001	278
4	r4.2xlarge	32	244000	145	3000000	10000000	0.001	284
4	r4.2xlarge	32	244000	145	3000000	10000000	0.001	294
4	r4.2xlarge	32	244000	145	3000000	10000000	0.005	206
4	r4.2xlarge	32	244000	145	3000000	10000000	0.005	218
4	r4.2xlarge	32	244000	145	3000000	10000000	0.005	230
4	r4.2xlarge	32	244000	145	3000000	10000000	0.005	230
4	r4.2xlarge	32	244000	145	3000000	10000000	0.005	232
4	r4.2xlarge	32	244000	145	3000000	10000000	0.01	178
4	r4.2xlarge	32	244000	145	3000000	10000000	0.01	180
4	r4.2xlarge	32	244000	145	3000000	10000000	0.01	180
4	r4.2xlarge	32	244000	145	3000000	10000000	0.01	190
4	r4.2xlarge	32	244000	145	3000000	10000000	0.01	192
4	r4.2xlarge	32	244000	263	1000000	20000000	0.0001	304
4	r4.2xlarge	32	244000	263	1000000	20000000	0.0001	310
4	r4.2xlarge	32	244000	263	1000000	20000000	0.0001	320
4	r4.2xlarge	32	244000	263	1000000	20000000	0.0001	326
4	r4.2xlarge	32	244000	263	1000000	20000000	0.0001	328
4	r4.2xlarge	32	244000	263	1000000	20000000	0.0005	238
4	r4.2xlarge	32	244000	263	1000000	20000000	0.0005	240
4	r4.2xlarge	32	244000	263	1000000	20000000	0.0005	244
4	r4.2xlarge	32	244000	263	1000000	20000000	0.0005	244
4	r4.2xlarge	32	244000	263	1000000	20000000	0.0005	248
4	r4.2xlarge	32	244000	263	1000000	20000000	0.001	218
4	r4.2xlarge	32	244000	263	1000000	20000000	0.001	220
4	r4.2xlarge	32	244000	263	1000000	20000000	0.001	220
4	r4.2xlarge	32	244000	263	1000000	20000000	0.001	222
4	r4.2xlarge	32	244000	263	1000000	20000000	0.001	240
4	r4.2xlarge	32	244000	263	1000000	20000000	0.005	166
4	r4.2xlarge	32	244000	263	1000000	20000000	0.005	170
4	r4.2xlarge	32	244000	263	1000000	20000000	0.005	172
4	r4.2xlarge	32	244000	263	1000000	20000000	0.005	176
4	r4.2xlarge	32	244000	263	1000000	20000000	0.005	182
4	r4.2xlarge	32	244000	263	1000000	20000000	0.01	144
4	r4.2xlarge	32	244000	263	1000000	20000000	0.01	146
4	r4.2xlarge	32	244000	263	1000000	20000000	0.01	146
4	r4.2xlarge	32	244000	263	1000000	20000000	0.01	158
4	r4.2xlarge	32	244000	263	1000000	20000000	0.01	164
4	r4.2xlarge	32	244000	284	2000000	20000000	0.0001	430
4	r4.2xlarge	32	244000	284	2000000	20000000	0.0001	438
4	r4.2xlarge	32	244000	284	2000000	20000000	0.0001	448
4	r4.2xlarge	32	244000	284	2000000	20000000	0.0001	462
4	r4.2xlarge	32	244000	284	2000000	20000000	0.0001	488
4	r4.2xlarge	32	244000	284	2000000	20000000	0.0005	360
4	r4.2xlarge	32	244000	284	2000000	20000000	0.0005	364
4	r4.2xlarge	32	244000	284	2000000	20000000	0.0005	366
4	r4.2xlarge	32	244000	284	2000000	20000000	0.0005	370
4	r4.2xlarge	32	244000	284	2000000	20000000	0.0005	382
4	r4.2xlarge	32	244000	284	2000000	20000000	0.001	320
4	r4.2xlarge	32	244000	284	2000000	20000000	0.001	322
4	r4.2xlarge	32	244000	284	2000000	20000000	0.001	322
4	r4.2xlarge	32	244000	284	2000000	20000000	0.001	324
4	r4.2xlarge	32	244000	284	2000000	20000000	0.001	330
4	r4.2xlarge	32	244000	284	2000000	20000000	0.005	246
4	r4.2xlarge	32	244000	284	2000000	20000000	0.005	248
4	r4.2xlarge	32	244000	284	2000000	20000000	0.005	252
4	r4.2xlarge	32	244000	284	2000000	20000000	0.005	256
4	r4.2xlarge	32	244000	284	2000000	20000000	0.005	260
4	r4.2xlarge	32	244000	284	2000000	20000000	0.01	216
4	r4.2xlarge	32	244000	284	2000000	20000000	0.01	218
4	r4.2xlarge	32	244000	284	2000000	20000000	0.01	220
4	r4.2xlarge	32	244000	284	2000000	20000000	0.01	222
4	r4.2xlarge	32	244000	284	2000000	20000000	0.01	232
4	r4.2xlarge	32	244000	291	3000000	20000000	0.0001	550
4	r4.2xlarge	32	244000	291	3000000	20000000	0.0001	560
4	r4.2xlarge	32	244000	291	3000000	20000000	0.0001	572
4	r4.2xlarge	32	244000	291	3000000	20000000	0.0001	578
4	r4.2xlarge	32	244000	291	3000000	20000000	0.0001	588
4	r4.2xlarge	32	244000	291	3000000	20000000	0.0005	464
4	r4.2xlarge	32	244000	291	3000000	20000000	0.0005	468
4	r4.2xlarge	32	244000	291	3000000	20000000	0.0005	474
4	r4.2xlarge	32	244000	291	3000000	20000000	0.0005	486
4	r4.2xlarge	32	244000	291	3000000	20000000	0.0005	508
4	r4.2xlarge	32	244000	291	3000000	20000000	0.001	424
4	r4.2xlarge	32	244000	291	3000000	20000000	0.001	426
4	r4.2xlarge	32	244000	291	3000000	20000000	0.001	428
4	r4.2xlarge	32	244000	291	3000000	20000000	0.001	430
4	r4.2xlarge	32	244000	291	3000000	20000000	0.001	444
4	r4.2xlarge	32	244000	291	3000000	20000000	0.005	298
4	r4.2xlarge	32	244000	291	3000000	20000000	0.005	300
4	r4.2xlarge	32	244000	291	3000000	20000000	0.005	316
4	r4.2xlarge	32	244000	291	3000000	20000000	0.005	322
4	r4.2xlarge	32	244000	291	3000000	20000000	0.005	326
4	r4.2xlarge	32	244000	291	3000000	20000000	0.01	256
4	r4.2xlarge	32	244000	291	3000000	20000000	0.01	258
4	r4.2xlarge	32	244000	291	3000000	20000000	0.01	264
4	r4.2xlarge	32	244000	291	3000000	20000000	0.01	270
4	r4.2xlarge	32	244000	291	3000000	20000000	0.01	274
4	r4.2xlarge	32	244000	394	1000000	30000000	0.0001	352
4	r4.2xlarge	32	244000	394	1000000	30000000	0.0001	358
4	r4.2xlarge	32	244000	394	1000000	30000000	0.0001	362
4	r4.2xlarge	32	244000	394	1000000	30000000	0.0001	390
4	r4.2xlarge	32	244000	394	1000000	30000000	0.0001	400
4	r4.2xlarge	32	244000	394	1000000	30000000	0.0005	290
4	r4.2xlarge	32	244000	394	1000000	30000000	0.0005	292
4	r4.2xlarge	32	244000	394	1000000	30000000	0.0005	302
4	r4.2xlarge	32	244000	394	1000000	30000000	0.0005	306
4	r4.2xlarge	32	244000	394	1000000	30000000	0.0005	344
4	r4.2xlarge	32	244000	394	1000000	30000000	0.001	266
4	r4.2xlarge	32	244000	394	1000000	30000000	0.001	268
4	r4.2xlarge	32	244000	394	1000000	30000000	0.001	280
4	r4.2xlarge	32	244000	394	1000000	30000000	0.001	302
4	r4.2xlarge	32	244000	394	1000000	30000000	0.001	304
4	r4.2xlarge	32	244000	394	1000000	30000000	0.005	210
4	r4.2xlarge	32	244000	394	1000000	30000000	0.005	214
4	r4.2xlarge	32	244000	394	1000000	30000000	0.005	218
4	r4.2xlarge	32	244000	394	1000000	30000000	0.005	230
4	r4.2xlarge	32	244000	394	1000000	30000000	0.005	240
4	r4.2xlarge	32	244000	394	1000000	30000000	0.01	182
4	r4.2xlarge	32	244000	394	1000000	30000000	0.01	192
4	r4.2xlarge	32	244000	394	1000000	30000000	0.01	204
4	r4.2xlarge	32	244000	394	1000000	30000000	0.01	206
4	r4.2xlarge	32	244000	394	1000000	30000000	0.01	210
4	r4.2xlarge	32	244000	426	2000000	30000000	0.0001	554
4	r4.2xlarge	32	244000	426	2000000	30000000	0.0001	554
4	r4.2xlarge	32	244000	426	2000000	30000000	0.0001	560
4	r4.2xlarge	32	244000	426	2000000	30000000	0.0001	560
4	r4.2xlarge	32	244000	426	2000000	30000000	0.0001	576
4	r4.2xlarge	32	244000	426	2000000	30000000	0.0005	452
4	r4.2xlarge	32	244000	426	2000000	30000000	0.0005	462
4	r4.2xlarge	32	244000	426	2000000	30000000	0.0005	466
4	r4.2xlarge	32	244000	426	2000000	30000000	0.0005	472
4	r4.2xlarge	32	244000	426	2000000	30000000	0.0005	480
4	r4.2xlarge	32	244000	426	2000000	30000000	0.001	412
4	r4.2xlarge	32	244000	426	2000000	30000000	0.001	412
4	r4.2xlarge	32	244000	426	2000000	30000000	0.001	422
4	r4.2xlarge	32	244000	426	2000000	30000000	0.001	466
4	r4.2xlarge	32	244000	426	2000000	30000000	0.001	492
4	r4.2xlarge	32	244000	426	2000000	30000000	0.005	306
4	r4.2xlarge	32	244000	426	2000000	30000000	0.005	308
4	r4.2xlarge	32	244000	426	2000000	30000000	0.005	308
4	r4.2xlarge	32	244000	426	2000000	30000000	0.005	310
4	r4.2xlarge	32	244000	426	2000000	30000000	0.005	342
4	r4.2xlarge	32	244000	426	2000000	30000000	0.01	262
4	r4.2xlarge	32	244000	426	2000000	30000000	0.01	266
4	r4.2xlarge	32	244000	426	2000000	30000000	0.01	266
4	r4.2xlarge	32	244000	426	2000000	30000000	0.01	268
4	r4.2xlarge	32	244000	426	2000000	30000000	0.01	274
4	r4.2xlarge	32	244000	436	3000000	30000000	0.0001	700
4	r4.2xlarge	32	244000	436	3000000	30000000	0.0001	710
4	r4.2xlarge	32	244000	436	3000000	30000000	0.0001	726
4	r4.2xlarge	32	244000	436	3000000	30000000	0.0001	730
4	r4.2xlarge	32	244000	436	3000000	30000000	0.0001	732
4	r4.2xlarge	32	244000	436	3000000	30000000	0.0005	572
4	r4.2xlarge	32	244000	436	3000000	30000000	0.0005	580
4	r4.2xlarge	32	244000	436	3000000	30000000	0.0005	594
4	r4.2xlarge	32	244000	436	3000000	30000000	0.0005	598
4	r4.2xlarge	32	244000	436	3000000	30000000	0.0005	634
4	r4.2xlarge	32	244000	436	3000000	30000000	0.001	524
4	r4.2xlarge	32	244000	436	3000000	30000000	0.001	524
4	r4.2xlarge	32	244000	436	3000000	30000000	0.001	532
4	r4.2xlarge	32	244000	436	3000000	30000000	0.001	538
4	r4.2xlarge	32	244000	436	3000000	30000000	0.001	550
4	r4.2xlarge	32	244000	436	3000000	30000000	0.005	378
4	r4.2xlarge	32	244000	436	3000000	30000000	0.005	390
4	r4.2xlarge	32	244000	436	3000000	30000000	0.005	390
4	r4.2xlarge	32	244000	436	3000000	30000000	0.005	392
4	r4.2xlarge	32	244000	436	3000000	30000000	0.005	404
4	r4.2xlarge	32	244000	436	3000000	30000000	0.01	326
4	r4.2xlarge	32	244000	436	3000000	30000000	0.01	330
4	r4.2xlarge	32	244000	436	3000000	30000000	0.01	332
4	r4.2xlarge	32	244000	436	3000000	30000000	0.01	334
4	r4.2xlarge	32	244000	436	3000000	30000000	0.01	336
4	r4.xlarge	16	122000	284	2000000	20000000	0.001	482
4	r4.xlarge	16	122000	284	2000000	20000000	0.001	484
4	r4.xlarge	16	122000	284	2000000	20000000	0.001	484
4	r4.xlarge	16	122000	284	2000000	20000000	0.001	494
4	r4.xlarge	16	122000	284	2000000	20000000	0.001	588
6	m4.2xlarge	48	192000	284	2000000	20000000	0.001	294
6	m4.2xlarge	48	192000	284	2000000	20000000	0.001	294
6	m4.2xlarge	48	192000	284	2000000	20000000	0.001	298
6	m4.2xlarge	48	192000	284	2000000	20000000	0.001	310
6	m4.2xlarge	48	192000	284	2000000	20000000	0.001	332
6	r4.2xlarge	48	366000	131	1000000	10000000	0.0001	228
6	r4.2xlarge	48	366000	131	1000000	10000000	0.0001	234
6	r4.2xlarge	48	366000	131	1000000	10000000	0.0001	234
6	r4.2xlarge	48	366000	131	1000000	10000000	0.0001	236
6	r4.2xlarge	48	366000	131	1000000	10000000	0.0001	238
6	r4.2xlarge	48	366000	131	1000000	10000000	0.0005	190
6	r4.2xlarge	48	366000	131	1000000	10000000	0.0005	190
6	r4.2xlarge	48	366000	131	1000000	10000000	0.0005	190
6	r4.2xlarge	48	366000	131	1000000	10000000	0.0005	192
6	r4.2xlarge	48	366000	131	1000000	10000000	0.0005	194
6	r4.2xlarge	48	366000	131	1000000	10000000	0.001	172
6	r4.2xlarge	48	366000	131	1000000	10000000	0.001	174
6	r4.2xlarge	48	366000	131	1000000	10000000	0.001	174
6	r4.2xlarge	48	366000	131	1000000	10000000	0.001	176
6	r4.2xlarge	48	366000	131	1000000	10000000	0.001	176
6	r4.2xlarge	48	366000	131	1000000	10000000	0.005	136
6	r4.2xlarge	48	366000	131	1000000	10000000	0.005	136
6	r4.2xlarge	48	366000	131	1000000	10000000	0.005	138
6	r4.2xlarge	48	366000	131	1000000	10000000	0.005	138
6	r4.2xlarge	48	366000	131	1000000	10000000	0.005	138
6	r4.2xlarge	48	366000	131	1000000	10000000	0.01	118
6	r4.2xlarge	48	366000	131	1000000	10000000	0.01	118
6	r4.2xlarge	48	366000	131	1000000	10000000	0.01	120
6	r4.2xlarge	48	366000	131	1000000	10000000	0.01	122
6	r4.2xlarge	48	366000	131	1000000	10000000	0.01	126
6	r4.2xlarge	48	366000	142	2000000	10000000	0.0001	336
6	r4.2xlarge	48	366000	142	2000000	10000000	0.0001	338
6	r4.2xlarge	48	366000	142	2000000	10000000	0.0001	340
6	r4.2xlarge	48	366000	142	2000000	10000000	0.0001	350
6	r4.2xlarge	48	366000	142	2000000	10000000	0.0001	364
6	r4.2xlarge	48	366000	142	2000000	10000000	0.0005	264
6	r4.2xlarge	48	366000	142	2000000	10000000	0.0005	270
6	r4.2xlarge	48	366000	142	2000000	10000000	0.0005	272
6	r4.2xlarge	48	366000	142	2000000	10000000	0.0005	274
6	r4.2xlarge	48	366000	142	2000000	10000000	0.0005	292
6	r4.2xlarge	48	366000	142	2000000	10000000	0.001	242
6	r4.2xlarge	48	366000	142	2000000	10000000	0.001	244
6	r4.2xlarge	48	366000	142	2000000	10000000	0.001	244
6	r4.2xlarge	48	366000	142	2000000	10000000	0.001	270
6	r4.2xlarge	48	366000	142	2000000	10000000	0.001	272
6	r4.2xlarge	48	366000	142	2000000	10000000	0.005	188
6	r4.2xlarge	48	366000	142	2000000	10000000	0.005	188
6	r4.2xlarge	48	366000	142	2000000	10000000	0.005	190
6	r4.2xlarge	48	366000	142	2000000	10000000	0.005	202
6	r4.2xlarge	48	366000	142	2000000	10000000	0.005	204
6	r4.2xlarge	48	366000	142	2000000	10000000	0.01	160
6	r4.2xlarge	48	366000	142	2000000	10000000	0.01	168
6	r4.2xlarge	48	366000	142	2000000	10000000	0.01	168
6	r4.2xlarge	48	366000	142	2000000	10000000	0.01	172
6	r4.2xlarge	48	366000	142	2000000	10000000	0.01	178
6	r4.2xlarge	48	366000	145	3000000	10000000	0.0001	366
6	r4.2xlarge	48	366000	145	3000000	10000000	0.0001	370
6	r4.2xlarge	48	366000	145	3000000	10000000	0.0001	376
6	r4.2xlarge	48	366000	145	3000000	10000000	0.0001	392
6	r4.2xlarge	48	366000	145	3000000	10000000	0.0001	404
6	r4.2xlarge	48	366000	145	3000000	10000000	0.0005	296
6	r4.2xlarge	48	366000	145	3000000	10000000	0.0005	298
6	r4.2xlarge	48	366000	145	3000000	10000000	0.0005	300
6	r4.2xlarge	48	366000	145	3000000	10000000	0.0005	302
6	r4.2xlarge	48	366000	145	3000000	10000000	0.0005	324
6	r4.2xlarge	48	366000	145	3000000	10000000	0.001	270
6	r4.2xlarge	48	366000	145	3000000	10000000	0.001	274
6	r4.2xlarge	48	366000	145	3000000	10000000	0.001	276
6	r4.2xlarge	48	366000	145	3000000	10000000	0.001	286
6	r4.2xlarge	48	366000	145	3000000	10000000	0.001	312
6	r4.2xlarge	48	366000	145	3000000	10000000	0.005	208
6	r4.2xlarge	48	366000	145	3000000	10000000	0.005	208
6	r4.2xlarge	48	366000	145	3000000	10000000	0.005	210
6	r4.2xlarge	48	366000	145	3000000	10000000	0.005	214
6	r4.2xlarge	48	366000	145	3000000	10000000	0.005	224
6	r4.2xlarge	48	366000	145	3000000	10000000	0.01	178
6	r4.2xlarge	48	366000	145	3000000	10000000	0.01	178
6	r4.2xlarge	48	366000	145	3000000	10000000	0.01	178
6	r4.2xlarge	48	366000	145	3000000	10000000	0.01	180
6	r4.2xlarge	48	366000	145	3000000	10000000	0.01	200
6	r4.2xlarge	48	366000	263	1000000	20000000	0.0001	266
6	r4.2xlarge	48	366000	263	1000000	20000000	0.0001	272
6	r4.2xlarge	48	366000	263	1000000	20000000	0.0001	280
6	r4.2xlarge	48	366000	263	1000000	20000000	0.0001	282
6	r4.2xlarge	48	366000	263	1000000	20000000	0.0001	290
6	r4.2xlarge	48	366000	263	1000000	20000000	0.0005	228
6	r4.2xlarge	48	366000	263	1000000	20000000	0.0005	230
6	r4.2xlarge	48	366000	263	1000000	20000000	0.0005	236
6	r4.2xlarge	48	366000	263	1000000	20000000	0.0005	246
6	r4.2xlarge	48	366000	263	1000000	20000000	0.0005	254
6	r4.2xlarge	48	366000	263	1000000	20000000	0.001	206
6	r4.2xlarge	48	366000	263	1000000	20000000	0.001	206
6	r4.2xlarge	48	366000	263	1000000	20000000	0.001	220
6	r4.2xlarge	48	366000	263	1000000	20000000	0.001	236
6	r4.2xlarge	48	366000	263	1000000	20000000	0.001	240
6	r4.2xlarge	48	366000	263	1000000	20000000	0.005	164
6	r4.2xlarge	48	366000	263	1000000	20000000	0.005	170
6	r4.2xlarge	48	366000	263	1000000	20000000	0.005	172
6	r4.2xlarge	48	366000	263	1000000	20000000	0.005	174
6	r4.2xlarge	48	366000	263	1000000	20000000	0.005	176
6	r4.2xlarge	48	366000	263	1000000	20000000	0.01	140
6	r4.2xlarge	48	366000	263	1000000	20000000	0.01	146
6	r4.2xlarge	48	366000	263	1000000	20000000	0.01	148
6	r4.2xlarge	48	366000	263	1000000	20000000	0.01	150
6	r4.2xlarge	48	366000	263	1000000	20000000	0.01	152
6	r4.2xlarge	48	366000	284	2000000	20000000	0.0001	418
6	r4.2xlarge	48	366000	284	2000000	20000000	0.0001	430
6	r4.2xlarge	48	366000	284	2000000	20000000	0.0001	436
6	r4.2xlarge	48	366000	284	2000000	20000000	0.0001	448
6	r4.2xlarge	48	366000	284	2000000	20000000	0.0001	454
6	r4.2xlarge	48	366000	284	2000000	20000000	0.0005	344
6	r4.2xlarge	48	366000	284	2000000	20000000	0.0005	358
6	r4.2xlarge	48	366000	284	2000000	20000000	0.0005	360
6	r4.2xlarge	48	366000	284	2000000	20000000	0.0005	362
6	r4.2xlarge	48	366000	284	2000000	20000000	0.0005	370
6	r4.2xlarge	48	366000	284	2000000	20000000	0.001	310
6	r4.2xlarge	48	366000	284	2000000	20000000	0.001	314
6	r4.2xlarge	48	366000	284	2000000	20000000	0.001	316
6	r4.2xlarge	48	366000	284	2000000	20000000	0.001	320
6	r4.2xlarge	48	366000	284	2000000	20000000	0.001	330
6	r4.2xlarge	48	366000	284	2000000	20000000	0.005	242
6	r4.2xlarge	48	366000	284	2000000	20000000	0.005	242
6	r4.2xlarge	48	366000	284	2000000	20000000	0.005	242
6	r4.2xlarge	48	366000	284	2000000	20000000	0.005	248
6	r4.2xlarge	48	366000	284	2000000	20000000	0.005	250
6	r4.2xlarge	48	366000	284	2000000	20000000	0.01	202
6	r4.2xlarge	48	366000	284	2000000	20000000	0.01	206
6	r4.2xlarge	48	366000	284	2000000	20000000	0.01	208
6	r4.2xlarge	48	366000	284	2000000	20000000	0.01	212
6	r4.2xlarge	48	366000	284	2000000	20000000	0.01	218
6	r4.2xlarge	48	366000	291	3000000	20000000	0.0001	562
6	r4.2xlarge	48	366000	291	3000000	20000000	0.0001	566
6	r4.2xlarge	48	366000	291	3000000	20000000	0.0001	566
6	r4.2xlarge	48	366000	291	3000000	20000000	0.0001	582
6	r4.2xlarge	48	366000	291	3000000	20000000	0.0001	600
6	r4.2xlarge	48	366000	291	3000000	20000000	0.0005	442
6	r4.2xlarge	48	366000	291	3000000	20000000	0.0005	450
6	r4.2xlarge	48	366000	291	3000000	20000000	0.0005	452
6	r4.2xlarge	48	366000	291	3000000	20000000	0.0005	460
6	r4.2xlarge	48	366000	291	3000000	20000000	0.0005	472
6	r4.2xlarge	48	366000	291	3000000	20000000	0.001	400
6	r4.2xlarge	48	366000	291	3000000	20000000	0.001	404
6	r4.2xlarge	48	366000	291	3000000	20000000	0.001	414
6	r4.2xlarge	48	366000	291	3000000	20000000	0.001	418
6	r4.2xlarge	48	366000	291	3000000	20000000	0.001	426
6	r4.2xlarge	48	366000	291	3000000	20000000	0.005	294
6	r4.2xlarge	48	366000	291	3000000	20000000	0.005	298
6	r4.2xlarge	48	366000	291	3000000	20000000	0.005	302
6	r4.2xlarge	48	366000	291	3000000	20000000	0.005	310
6	r4.2xlarge	48	366000	291	3000000	20000000	0.005	310
6	r4.2xlarge	48	366000	291	3000000	20000000	0.01	246
6	r4.2xlarge	48	366000	291	3000000	20000000	0.01	250
6	r4.2xlarge	48	366000	291	3000000	20000000	0.01	252
6	r4.2xlarge	48	366000	291	3000000	20000000	0.01	264
6	r4.2xlarge	48	366000	291	3000000	20000000	0.01	268
6	r4.2xlarge	48	366000	394	1000000	30000000	0.0001	338
6	r4.2xlarge	48	366000	394	1000000	30000000	0.0001	352
6	r4.2xlarge	48	366000	394	1000000	30000000	0.0001	366
6	r4.2xlarge	48	366000	394	1000000	30000000	0.0001	384
6	r4.2xlarge	48	366000	394	1000000	30000000	0.0001	404
6	r4.2xlarge	48	366000	394	1000000	30000000	0.0005	286
6	r4.2xlarge	48	366000	394	1000000	30000000	0.0005	288
6	r4.2xlarge	48	366000	394	1000000	30000000	0.0005	296
6	r4.2xlarge	48	366000	394	1000000	30000000	0.0005	304
6	r4.2xlarge	48	366000	394	1000000	30000000	0.0005	336
6	r4.2xlarge	48	366000	394	1000000	30000000	0.001	260
6	r4.2xlarge	48	366000	394	1000000	30000000	0.001	262
6	r4.2xlarge	48	366000	394	1000000	30000000	0.001	268
6	r4.2xlarge	48	366000	394	1000000	30000000	0.001	268
6	r4.2xlarge	48	366000	394	1000000	30000000	0.001	300
6	r4.2xlarge	48	366000	394	1000000	30000000	0.005	208
6	r4.2xlarge	48	366000	394	1000000	30000000	0.005	210
6	r4.2xlarge	48	366000	394	1000000	30000000	0.005	216
6	r4.2xlarge	48	366000	394	1000000	30000000	0.005	224
6	r4.2xlarge	48	366000	394	1000000	30000000	0.005	240
6	r4.2xlarge	48	366000	394	1000000	30000000	0.01	184
6	r4.2xlarge	48	366000	394	1000000	30000000	0.01	194
6	r4.2xlarge	48	366000	394	1000000	30000000	0.01	198
6	r4.2xlarge	48	366000	394	1000000	30000000	0.01	200
6	r4.2xlarge	48	366000	394	1000000	30000000	0.01	206
6	r4.2xlarge	48	366000	426	2000000	30000000	0.0001	532
6	r4.2xlarge	48	366000	426	2000000	30000000	0.0001	532
6	r4.2xlarge	48	366000	426	2000000	30000000	0.0001	534
6	r4.2xlarge	48	366000	426	2000000	30000000	0.0001	540
6	r4.2xlarge	48	366000	426	2000000	30000000	0.0001	542
6	r4.2xlarge	48	366000	426	2000000	30000000	0.0005	434
6	r4.2xlarge	48	366000	426	2000000	30000000	0.0005	436
6	r4.2xlarge	48	366000	426	2000000	30000000	0.0005	442
6	r4.2xlarge	48	366000	426	2000000	30000000	0.0005	444
6	r4.2xlarge	48	366000	426	2000000	30000000	0.0005	448
6	r4.2xlarge	48	366000	426	2000000	30000000	0.001	390
6	r4.2xlarge	48	366000	426	2000000	30000000	0.001	390
6	r4.2xlarge	48	366000	426	2000000	30000000	0.001	392
6	r4.2xlarge	48	366000	426	2000000	30000000	0.001	394
6	r4.2xlarge	48	366000	426	2000000	30000000	0.001	394
6	r4.2xlarge	48	366000	426	2000000	30000000	0.005	294
6	r4.2xlarge	48	366000	426	2000000	30000000	0.005	298
6	r4.2xlarge	48	366000	426	2000000	30000000	0.005	302
6	r4.2xlarge	48	366000	426	2000000	30000000	0.005	302
6	r4.2xlarge	48	366000	426	2000000	30000000	0.005	304
6	r4.2xlarge	48	366000	426	2000000	30000000	0.01	254
6	r4.2xlarge	48	366000	426	2000000	30000000	0.01	258
6	r4.2xlarge	48	366000	426	2000000	30000000	0.01	260
6	r4.2xlarge	48	366000	426	2000000	30000000	0.01	266
6	r4.2xlarge	48	366000	426	2000000	30000000	0.01	270
6	r4.2xlarge	48	366000	436	3000000	30000000	0.0001	662
6	r4.2xlarge	48	366000	436	3000000	30000000	0.0001	686
6	r4.2xlarge	48	366000	436	3000000	30000000	0.0001	690
6	r4.2xlarge	48	366000	436	3000000	30000000	0.0001	692
6	r4.2xlarge	48	366000	436	3000000	30000000	0.0001	694
6	r4.2xlarge	48	366000	436	3000000	30000000	0.0005	540
6	r4.2xlarge	48	366000	436	3000000	30000000	0.0005	544
6	r4.2xlarge	48	366000	436	3000000	30000000	0.0005	550
6	r4.2xlarge	48	366000	436	3000000	30000000	0.0005	556
6	r4.2xlarge	48	366000	436	3000000	30000000	0.0005	560
6	r4.2xlarge	48	366000	436	3000000	30000000	0.001	496
6	r4.2xlarge	48	366000	436	3000000	30000000	0.001	500
6	r4.2xlarge	48	366000	436	3000000	30000000	0.001	500
6	r4.2xlarge	48	366000	436	3000000	30000000	0.001	504
6	r4.2xlarge	48	366000	436	3000000	30000000	0.001	508
6	r4.2xlarge	48	366000	436	3000000	30000000	0.005	364
6	r4.2xlarge	48	366000	436	3000000	30000000	0.005	366
6	r4.2xlarge	48	366000	436	3000000	30000000	0.005	366
6	r4.2xlarge	48	366000	436	3000000	30000000	0.005	374
6	r4.2xlarge	48	366000	436	3000000	30000000	0.005	376
6	r4.2xlarge	48	366000	436	3000000	30000000	0.01	312
6	r4.2xlarge	48	366000	436	3000000	30000000	0.01	314
6	r4.2xlarge	48	366000	436	3000000	30000000	0.01	314
6	r4.2xlarge	48	366000	436	3000000	30000000	0.01	320
6	r4.2xlarge	48	366000	436	3000000	30000000	0.01	330
6	r4.xlarge	24	183000	284	2000000	20000000	0.001	422
6	r4.xlarge	24	183000	284	2000000	20000000	0.001	428
6	r4.xlarge	24	183000	284	2000000	20000000	0.001	430
6	r4.xlarge	24	183000	284	2000000	20000000	0.001	430
6	r4.xlarge	24	183000	284	2000000	20000000	0.001	472
8	m4.2xlarge	64	256000	284	2000000	20000000	0.001	294
8	m4.2xlarge	64	256000	284	2000000	20000000	0.001	312
8	m4.2xlarge	64	256000	284	2000000	20000000	0.001	326
8	m4.2xlarge	64	256000	284	2000000	20000000	0.001	328
8	m4.2xlarge	64	256000	284	2000000	20000000	0.001	342
8	r4.2xlarge	64	488000	131	1000000	10000000	0.0001	228
8	r4.2xlarge	64	488000	131	1000000	10000000	0.0001	230
8	r4.2xlarge	64	488000	131	1000000	10000000	0.0001	230
8	r4.2xlarge	64	488000	131	1000000	10000000	0.0001	230
8	r4.2xlarge	64	488000	131	1000000	10000000	0.0001	246
8	r4.2xlarge	64	488000	131	1000000	10000000	0.0005	190
8	r4.2xlarge	64	488000	131	1000000	10000000	0.0005	190
8	r4.2xlarge	64	488000	131	1000000	10000000	0.0005	190
8	r4.2xlarge	64	488000	131	1000000	10000000	0.0005	190
8	r4.2xlarge	64	488000	131	1000000	10000000	0.0005	190
8	r4.2xlarge	64	488000	131	1000000	10000000	0.001	170
8	r4.2xlarge	64	488000	131	1000000	10000000	0.001	172
8	r4.2xlarge	64	488000	131	1000000	10000000	0.001	174
8	r4.2xlarge	64	488000	131	1000000	10000000	0.001	180
8	r4.2xlarge	64	488000	131	1000000	10000000	0.001	190
8	r4.2xlarge	64	488000	131	1000000	10000000	0.005	134
8	r4.2xlarge	64	488000	131	1000000	10000000	0.005	136
8	r4.2xlarge	64	488000	131	1000000	10000000	0.005	136
8	r4.2xlarge	64	488000	131	1000000	10000000	0.005	136
8	r4.2xlarge	64	488000	131	1000000	10000000	0.005	136
8	r4.2xlarge	64	488000	131	1000000	10000000	0.01	118
8	r4.2xlarge	64	488000	131	1000000	10000000	0.01	118
8	r4.2xlarge	64	488000	131	1000000	10000000	0.01	120
8	r4.2xlarge	64	488000	131	1000000	10000000	0.01	122
8	r4.2xlarge	64	488000	131	1000000	10000000	0.01	128
8	r4.2xlarge	64	488000	142	2000000	10000000	0.0001	320
8	r4.2xlarge	64	488000	142	2000000	10000000	0.0001	332
8	r4.2xlarge	64	488000	142	2000000	10000000	0.0001	350
8	r4.2xlarge	64	488000	142	2000000	10000000	0.0001	354
8	r4.2xlarge	64	488000	142	2000000	10000000	0.0001	362
8	r4.2xlarge	64	488000	142	2000000	10000000	0.0005	266
8	r4.2xlarge	64	488000	142	2000000	10000000	0.0005	266
8	r4.2xlarge	64	488000	142	2000000	10000000	0.0005	268
8	r4.2xlarge	64	488000	142	2000000	10000000	0.0005	272
8	r4.2xlarge	64	488000	142	2000000	10000000	0.0005	272
8	r4.2xlarge	64	488000	142	2000000	10000000	0.001	244
8	r4.2xlarge	64	488000	142	2000000	10000000	0.001	246
8	r4.2xlarge	64	488000	142	2000000	10000000	0.001	246
8	r4.2xlarge	64	488000	142	2000000	10000000	0.001	252
8	r4.2xlarge	64	488000	142	2000000	10000000	0.001	258
8	r4.2xlarge	64	488000	142	2000000	10000000	0.005	182
8	r4.2xlarge	64	488000	142	2000000	10000000	0.005	186
8	r4.2xlarge	64	488000	142	2000000	10000000	0.005	186
8	r4.2xlarge	64	488000	142	2000000	10000000	0.005	194
8	r4.2xlarge	64	488000	142	2000000	10000000	0.005	200
8	r4.2xlarge	64	488000	142	2000000	10000000	0.01	160
8	r4.2xlarge	64	488000	142	2000000	10000000	0.01	162
8	r4.2xlarge	64	488000	142	2000000	10000000	0.01	170
8	r4.2xlarge	64	488000	142	2000000	10000000	0.01	172
8	r4.2xlarge	64	488000	142	2000000	10000000	0.01	174
8	r4.2xlarge	64	488000	145	3000000	10000000	0.0001	358
8	r4.2xlarge	64	488000	145	3000000	10000000	0.0001	362
8	r4.2xlarge	64	488000	145	3000000	10000000	0.0001	364
8	r4.2xlarge	64	488000	145	3000000	10000000	0.0001	368
8	r4.2xlarge	64	488000	145	3000000	10000000	0.0001	392
8	r4.2xlarge	64	488000	145	3000000	10000000	0.0005	296
8	r4.2xlarge	64	488000	145	3000000	10000000	0.0005	300
8	r4.2xlarge	64	488000	145	3000000	10000000	0.0005	300
8	r4.2xlarge	64	488000	145	3000000	10000000	0.0005	312
8	r4.2xlarge	64	488000	145	3000000	10000000	0.0005	320
8	r4.2xlarge	64	488000	145	3000000	10000000	0.001	270
8	r4.2xlarge	64	488000	145	3000000	10000000	0.001	290
8	r4.2xlarge	64	488000	145	3000000	10000000	0.001	298
8	r4.2xlarge	64	488000	145	3000000	10000000	0.001	300
8	r4.2xlarge	64	488000	145	3000000	10000000	0.001	308
8	r4.2xlarge	64	488000	145	3000000	10000000	0.005	206
8	r4.2xlarge	64	488000	145	3000000	10000000	0.005	208
8	r4.2xlarge	64	488000	145	3000000	10000000	0.005	216
8	r4.2xlarge	64	488000	145	3000000	10000000	0.005	222
8	r4.2xlarge	64	488000	145	3000000	10000000	0.005	230
8	r4.2xlarge	64	488000	145	3000000	10000000	0.01	178
8	r4.2xlarge	64	488000	145	3000000	10000000	0.01	178
8	r4.2xlarge	64	488000	145	3000000	10000000	0.01	178
8	r4.2xlarge	64	488000	145	3000000	10000000	0.01	180
8	r4.2xlarge	64	488000	145	3000000	10000000	0.01	188
8	r4.2xlarge	64	488000	263	1000000	20000000	0.0001	278
8	r4.2xlarge	64	488000	263	1000000	20000000	0.0001	288
8	r4.2xlarge	64	488000	263	1000000	20000000	0.0001	290
8	r4.2xlarge	64	488000	263	1000000	20000000	0.0001	294
8	r4.2xlarge	64	488000	263	1000000	20000000	0.0001	314
8	r4.2xlarge	64	488000	263	1000000	20000000	0.0005	238
8	r4.2xlarge	64	488000	263	1000000	20000000	0.0005	242
8	r4.2xlarge	64	488000	263	1000000	20000000	0.0005	246
8	r4.2xlarge	64	488000	263	1000000	20000000	0.0005	250
8	r4.2xlarge	64	488000	263	1000000	20000000	0.0005	252
8	r4.2xlarge	64	488000	263	1000000	20000000	0.001	206
8	r4.2xlarge	64	488000	263	1000000	20000000	0.001	208
8	r4.2xlarge	64	488000	263	1000000	20000000	0.001	216
8	r4.2xlarge	64	488000	263	1000000	20000000	0.001	216
8	r4.2xlarge	64	488000	263	1000000	20000000	0.001	220
8	r4.2xlarge	64	488000	263	1000000	20000000	0.005	162
8	r4.2xlarge	64	488000	263	1000000	20000000	0.005	166
8	r4.2xlarge	64	488000	263	1000000	20000000	0.005	166
8	r4.2xlarge	64	488000	263	1000000	20000000	0.005	168
8	r4.2xlarge	64	488000	263	1000000	20000000	0.005	168
8	r4.2xlarge	64	488000	263	1000000	20000000	0.01	140
8	r4.2xlarge	64	488000	263	1000000	20000000	0.01	144
8	r4.2xlarge	64	488000	263	1000000	20000000	0.01	150
8	r4.2xlarge	64	488000	263	1000000	20000000	0.01	152
8	r4.2xlarge	64	488000	263	1000000	20000000	0.01	154
8	r4.2xlarge	64	488000	284	2000000	20000000	0.0001	424
8	r4.2xlarge	64	488000	284	2000000	20000000	0.0001	428
8	r4.2xlarge	64	488000	284	2000000	20000000	0.0001	434
8	r4.2xlarge	64	488000	284	2000000	20000000	0.0001	450
8	r4.2xlarge	64	488000	284	2000000	20000000	0.0001	458
8	r4.2xlarge	64	488000	284	2000000	20000000	0.0005	344
8	r4.2xlarge	64	488000	284	2000000	20000000	0.0005	354
8	r4.2xlarge	64	488000	284	2000000	20000000	0.0005	366
8	r4.2xlarge	64	488000	284	2000000	20000000	0.0005	380
8	r4.2xlarge	64	488000	284	2000000	20000000	0.0005	388
8	r4.2xlarge	64	488000	284	2000000	20000000	0.001	314
8	r4.2xlarge	64	488000	284	2000000	20000000	0.001	324
8	r4.2xlarge	64	488000	284	2000000	20000000	0.001	324
8	r4.2xlarge	64	488000	284	2000000	20000000	0.001	326
8	r4.2xlarge	64	488000	284	2000000	20000000	0.001	348
8	r4.2xlarge	64	488000	284	2000000	20000000	0.005	234
8	r4.2xlarge	64	488000	284	2000000	20000000	0.005	236
8	r4.2xlarge	64	488000	284	2000000	20000000	0.005	238
8	r4.2xlarge	64	488000	284	2000000	20000000	0.005	242
8	r4.2xlarge	64	488000	284	2000000	20000000	0.005	244
8	r4.2xlarge	64	488000	284	2000000	20000000	0.01	214
8	r4.2xlarge	64	488000	284	2000000	20000000	0.01	216
8	r4.2xlarge	64	488000	284	2000000	20000000	0.01	216
8	r4.2xlarge	64	488000	284	2000000	20000000	0.01	220
8	r4.2xlarge	64	488000	284	2000000	20000000	0.01	222
8	r4.2xlarge	64	488000	291	3000000	20000000	0.0001	548
8	r4.2xlarge	64	488000	291	3000000	20000000	0.0001	550
8	r4.2xlarge	64	488000	291	3000000	20000000	0.0001	552
8	r4.2xlarge	64	488000	291	3000000	20000000	0.0001	560
8	r4.2xlarge	64	488000	291	3000000	20000000	0.0001	578
8	r4.2xlarge	64	488000	291	3000000	20000000	0.0005	440
8	r4.2xlarge	64	488000	291	3000000	20000000	0.0005	446
8	r4.2xlarge	64	488000	291	3000000	20000000	0.0005	448
8	r4.2xlarge	64	488000	291	3000000	20000000	0.0005	462
8	r4.2xlarge	64	488000	291	3000000	20000000	0.0005	464
8	r4.2xlarge	64	488000	291	3000000	20000000	0.001	396
8	r4.2xlarge	64	488000	291	3000000	20000000	0.001	402
8	r4.2xlarge	64	488000	291	3000000	20000000	0.001	406
8	r4.2xlarge	64	488000	291	3000000	20000000	0.001	418
8	r4.2xlarge	64	488000	291	3000000	20000000	0.001	436
8	r4.2xlarge	64	488000	291	3000000	20000000	0.005	300
8	r4.2xlarge	64	488000	291	3000000	20000000	0.005	302
8	r4.2xlarge	64	488000	291	3000000	20000000	0.005	308
8	r4.2xlarge	64	488000	291	3000000	20000000	0.005	312
8	r4.2xlarge	64	488000	291	3000000	20000000	0.005	316
8	r4.2xlarge	64	488000	291	3000000	20000000	0.01	254
8	r4.2xlarge	64	488000	291	3000000	20000000	0.01	256
8	r4.2xlarge	64	488000	291	3000000	20000000	0.01	262
8	r4.2xlarge	64	488000	291	3000000	20000000	0.01	262
8	r4.2xlarge	64	488000	291	3000000	20000000	0.01	276
8	r4.2xlarge	64	488000	394	1000000	30000000	0.0001	344
8	r4.2xlarge	64	488000	394	1000000	30000000	0.0001	346
8	r4.2xlarge	64	488000	394	1000000	30000000	0.0001	348
8	r4.2xlarge	64	488000	394	1000000	30000000	0.0001	350
8	r4.2xlarge	64	488000	394	1000000	30000000	0.0001	362
8	r4.2xlarge	64	488000	394	1000000	30000000	0.0005	286
8	r4.2xlarge	64	488000	394	1000000	30000000	0.0005	296
8	r4.2xlarge	64	488000	394	1000000	30000000	0.0005	326
8	r4.2xlarge	64	488000	394	1000000	30000000	0.0005	330
8	r4.2xlarge	64	488000	394	1000000	30000000	0.0005	332
8	r4.2xlarge	64	488000	394	1000000	30000000	0.001	256
8	r4.2xlarge	64	488000	394	1000000	30000000	0.001	258
8	r4.2xlarge	64	488000	394	1000000	30000000	0.001	266
8	r4.2xlarge	64	488000	394	1000000	30000000	0.001	268
8	r4.2xlarge	64	488000	394	1000000	30000000	0.001	270
8	r4.2xlarge	64	488000	394	1000000	30000000	0.005	200
8	r4.2xlarge	64	488000	394	1000000	30000000	0.005	202
8	r4.2xlarge	64	488000	394	1000000	30000000	0.005	202
8	r4.2xlarge	64	488000	394	1000000	30000000	0.005	210
8	r4.2xlarge	64	488000	394	1000000	30000000	0.005	210
8	r4.2xlarge	64	488000	394	1000000	30000000	0.01	176
8	r4.2xlarge	64	488000	394	1000000	30000000	0.01	176
8	r4.2xlarge	64	488000	394	1000000	30000000	0.01	178
8	r4.2xlarge	64	488000	394	1000000	30000000	0.01	178
8	r4.2xlarge	64	488000	394	1000000	30000000	0.01	182
8	r4.2xlarge	64	488000	426	2000000	30000000	0.0001	530
8	r4.2xlarge	64	488000	426	2000000	30000000	0.0001	538
8	r4.2xlarge	64	488000	426	2000000	30000000	0.0001	546
8	r4.2xlarge	64	488000	426	2000000	30000000	0.0001	548
8	r4.2xlarge	64	488000	426	2000000	30000000	0.0001	560
8	r4.2xlarge	64	488000	426	2000000	30000000	0.0005	426
8	r4.2xlarge	64	488000	426	2000000	30000000	0.0005	428
8	r4.2xlarge	64	488000	426	2000000	30000000	0.0005	438
8	r4.2xlarge	64	488000	426	2000000	30000000	0.0005	446
8	r4.2xlarge	64	488000	426	2000000	30000000	0.0005	462
8	r4.2xlarge	64	488000	426	2000000	30000000	0.001	390
8	r4.2xlarge	64	488000	426	2000000	30000000	0.001	392
8	r4.2xlarge	64	488000	426	2000000	30000000	0.001	398
8	r4.2xlarge	64	488000	426	2000000	30000000	0.001	400
8	r4.2xlarge	64	488000	426	2000000	30000000	0.001	408
8	r4.2xlarge	64	488000	426	2000000	30000000	0.005	294
8	r4.2xlarge	64	488000	426	2000000	30000000	0.005	296
8	r4.2xlarge	64	488000	426	2000000	30000000	0.005	296
8	r4.2xlarge	64	488000	426	2000000	30000000	0.005	298
8	r4.2xlarge	64	488000	426	2000000	30000000	0.005	306
8	r4.2xlarge	64	488000	426	2000000	30000000	0.01	252
8	r4.2xlarge	64	488000	426	2000000	30000000	0.01	256
8	r4.2xlarge	64	488000	426	2000000	30000000	0.01	256
8	r4.2xlarge	64	488000	426	2000000	30000000	0.01	258
8	r4.2xlarge	64	488000	426	2000000	30000000	0.01	262
8	r4.2xlarge	64	488000	436	3000000	30000000	0.0001	678
8	r4.2xlarge	64	488000	436	3000000	30000000	0.0001	688
8	r4.2xlarge	64	488000	436	3000000	30000000	0.0001	696
8	r4.2xlarge	64	488000	436	3000000	30000000	0.0001	700
8	r4.2xlarge	64	488000	436	3000000	30000000	0.0001	718
8	r4.2xlarge	64	488000	436	3000000	30000000	0.0005	544
8	r4.2xlarge	64	488000	436	3000000	30000000	0.0005	556
8	r4.2xlarge	64	488000	436	3000000	30000000	0.0005	558
8	r4.2xlarge	64	488000	436	3000000	30000000	0.0005	568
8	r4.2xlarge	64	488000	436	3000000	30000000	0.0005	580
8	r4.2xlarge	64	488000	436	3000000	30000000	0.001	486
8	r4.2xlarge	64	488000	436	3000000	30000000	0.001	496
8	r4.2xlarge	64	488000	436	3000000	30000000	0.001	498
8	r4.2xlarge	64	488000	436	3000000	30000000	0.001	506
8	r4.2xlarge	64	488000	436	3000000	30000000	0.001	528
8	r4.2xlarge	64	488000	436	3000000	30000000	0.005	368
8	r4.2xlarge	64	488000	436	3000000	30000000	0.005	376
8	r4.2xlarge	64	488000	436	3000000	30000000	0.005	376
8	r4.2xlarge	64	488000	436	3000000	30000000	0.005	382
8	r4.2xlarge	64	488000	436	3000000	30000000	0.005	386
8	r4.2xlarge	64	488000	436	3000000	30000000	0.01	306
8	r4.2xlarge	64	488000	436	3000000	30000000	0.01	312
8	r4.2xlarge	64	488000	436	3000000	30000000	0.01	326
8	r4.2xlarge	64	488000	436	3000000	30000000	0.01	326
8	r4.2xlarge	64	488000	436	3000000	30000000	0.01	326
8	r4.xlarge	32	244000	284	2000000	20000000	0.001	400
8	r4.xlarge	32	244000	284	2000000	20000000	0.001	406
8	r4.xlarge	32	244000	284	2000000	20000000	0.001	416
8	r4.xlarge	32	244000	284	2000000	20000000	0.001	428
8	r4.xlarge	32	244000	284	2000000	20000000	0.001	462
10	m4.2xlarge	80	320000	284	2000000	20000000	0.001	288
10	m4.2xlarge	80	320000	284	2000000	20000000	0.001	288
10	m4.2xlarge	80	320000	284	2000000	20000000	0.001	292
10	m4.2xlarge	80	320000	284	2000000	20000000	0.001	298
10	m4.2xlarge	80	320000	284	2000000	20000000	0.001	308
10	r4.2xlarge	80	610000	131	1000000	10000000	0.0001	228
10	r4.2xlarge	80	610000	131	1000000	10000000	0.0001	232
10	r4.2xlarge	80	610000	131	1000000	10000000	0.0001	234
10	r4.2xlarge	80	610000	131	1000000	10000000	0.0001	236
10	r4.2xlarge	80	610000	131	1000000	10000000	0.0001	242
10	r4.2xlarge	80	610000	131	1000000	10000000	0.0005	190
10	r4.2xlarge	80	610000	131	1000000	10000000	0.0005	192
10	r4.2xlarge	80	610000	131	1000000	10000000	0.0005	192
10	r4.2xlarge	80	610000	131	1000000	10000000	0.0005	192
10	r4.2xlarge	80	610000	131	1000000	10000000	0.0005	194
10	r4.2xlarge	80	610000	131	1000000	10000000	0.001	172
10	r4.2xlarge	80	610000	131	1000000	10000000	0.001	176
10	r4.2xlarge	80	610000	131	1000000	10000000	0.001	180
10	r4.2xlarge	80	610000	131	1000000	10000000	0.001	180
10	r4.2xlarge	80	610000	131	1000000	10000000	0.001	184
10	r4.2xlarge	80	610000	131	1000000	10000000	0.005	136
10	r4.2xlarge	80	610000	131	1000000	10000000	0.005	136
10	r4.2xlarge	80	610000	131	1000000	10000000	0.005	138
10	r4.2xlarge	80	610000	131	1000000	10000000	0.005	138
10	r4.2xlarge	80	610000	131	1000000	10000000	0.005	142
10	r4.2xlarge	80	610000	131	1000000	10000000	0.01	118
10	r4.2xlarge	80	610000	131	1000000	10000000	0.01	118
10	r4.2xlarge	80	610000	131	1000000	10000000	0.01	122
10	r4.2xlarge	80	610000	131	1000000	10000000	0.01	122
10	r4.2xlarge	80	610000	131	1000000	10000000	0.01	126
10	r4.2xlarge	80	610000	142	2000000	10000000	0.0001	332
10	r4.2xlarge	80	610000	142	2000000	10000000	0.0001	334
10	r4.2xlarge	80	610000	142	2000000	10000000	0.0001	350
10	r4.2xlarge	80	610000	142	2000000	10000000	0.0001	352
10	r4.2xlarge	80	610000	142	2000000	10000000	0.0001	354
10	r4.2xlarge	80	610000	142	2000000	10000000	0.0005	268
10	r4.2xlarge	80	610000	142	2000000	10000000	0.0005	274
10	r4.2xlarge	80	610000	142	2000000	10000000	0.0005	280
10	r4.2xlarge	80	610000	142	2000000	10000000	0.0005	286
10	r4.2xlarge	80	610000	142	2000000	10000000	0.0005	294
10	r4.2xlarge	80	610000	142	2000000	10000000	0.001	254
10	r4.2xlarge	80	610000	142	2000000	10000000	0.001	256
10	r4.2xlarge	80	610000	142	2000000	10000000	0.001	262
10	r4.2xlarge	80	610000	142	2000000	10000000	0.001	264
10	r4.2xlarge	80	610000	142	2000000	10000000	0.001	264
10	r4.2xlarge	80	610000	142	2000000	10000000	0.005	186
10	r4.2xlarge	80	610000	142	2000000	10000000	0.005	194
10	r4.2xlarge	80	610000	142	2000000	10000000	0.005	194
10	r4.2xlarge	80	610000	142	2000000	10000000	0.005	202
10	r4.2xlarge	80	610000	142	2000000	10000000	0.005	210
10	r4.2xlarge	80	610000	142	2000000	10000000	0.01	160
10	r4.2xlarge	80	610000	142	2000000	10000000	0.01	160
10	r4.2xlarge	80	610000	142	2000000	10000000	0.01	160
10	r4.2xlarge	80	610000	142	2000000	10000000	0.01	164
10	r4.2xlarge	80	610000	142	2000000	10000000	0.01	178
10	r4.2xlarge	80	610000	145	3000000	10000000	0.0001	358
10	r4.2xlarge	80	610000	145	3000000	10000000	0.0001	358
10	r4.2xlarge	80	610000	145	3000000	10000000	0.0001	362
10	r4.2xlarge	80	610000	145	3000000	10000000	0.0001	396
10	r4.2xlarge	80	610000	145	3000000	10000000	0.0001	408
10	r4.2xlarge	80	610000	145	3000000	10000000	0.0005	294
10	r4.2xlarge	80	610000	145	3000000	10000000	0.0005	296
10	r4.2xlarge	80	610000	145	3000000	10000000	0.0005	298
10	r4.2xlarge	80	610000	145	3000000	10000000	0.0005	304
10	r4.2xlarge	80	610000	145	3000000	10000000	0.0005	316
10	r4.2xlarge	80	610000	145	3000000	10000000	0.001	262
10	r4.2xlarge	80	610000	145	3000000	10000000	0.001	276
10	r4.2xlarge	80	610000	145	3000000	10000000	0.001	276
10	r4.2xlarge	80	610000	145	3000000	10000000	0.001	278
10	r4.2xlarge	80	610000	145	3000000	10000000	0.001	288
10	r4.2xlarge	80	610000	145	3000000	10000000	0.005	208
10	r4.2xlarge	80	610000	145	3000000	10000000	0.005	208
10	r4.2xlarge	80	610000	145	3000000	10000000	0.005	210
10	r4.2xlarge	80	610000	145	3000000	10000000	0.005	222
10	r4.2xlarge	80	610000	145	3000000	10000000	0.005	234
10	r4.2xlarge	80	610000	145	3000000	10000000	0.01	174
10	r4.2xlarge	80	610000	145	3000000	10000000	0.01	178
10	r4.2xlarge	80	610000	145	3000000	10000000	0.01	192
10	r4.2xlarge	80	610000	145	3000000	10000000	0.01	194
10	r4.2xlarge	80	610000	145	3000000	10000000	0.01	196
10	r4.2xlarge	80	610000	263	1000000	20000000	0.0001	268
10	r4.2xlarge	80	610000	263	1000000	20000000	0.0001	270
10	r4.2xlarge	80	610000	263	1000000	20000000	0.0001	270
10	r4.2xlarge	80	610000	263	1000000	20000000	0.0001	282
10	r4.2xlarge	80	610000	263	1000000	20000000	0.0001	290
10	r4.2xlarge	80	610000	263	1000000	20000000	0.0005	222
10	r4.2xlarge	80	610000	263	1000000	20000000	0.0005	238
10	r4.2xlarge	80	610000	263	1000000	20000000	0.0005	238
10	r4.2xlarge	80	610000	263	1000000	20000000	0.0005	244
10	r4.2xlarge	80	610000	263	1000000	20000000	0.0005	260
10	r4.2xlarge	80	610000	263	1000000	20000000	0.001	202
10	r4.2xlarge	80	610000	263	1000000	20000000	0.001	206
10	r4.2xlarge	80	610000	263	1000000	20000000	0.001	212
10	r4.2xlarge	80	610000	263	1000000	20000000	0.001	212
10	r4.2xlarge	80	610000	263	1000000	20000000	0.001	234
10	r4.2xlarge	80	610000	263	1000000	20000000	0.005	154
10	r4.2xlarge	80	610000	263	1000000	20000000	0.005	162
10	r4.2xlarge	80	610000	263	1000000	20000000	0.005	168
10	r4.2xlarge	80	610000	263	1000000	20000000	0.005	170
10	r4.2xlarge	80	610000	263	1000000	20000000	0.005	184
10	r4.2xlarge	80	610000	263	1000000	20000000	0.01	144
10	r4.2xlarge	80	610000	263	1000000	20000000	0.01	144
10	r4.2xlarge	80	610000	263	1000000	20000000	0.01	146
10	r4.2xlarge	80	610000	263	1000000	20000000	0.01	150
10	r4.2xlarge	80	610000	263	1000000	20000000	0.01	152
10	r4.2xlarge	80	610000	284	2000000	20000000	0.0001	436
10	r4.2xlarge	80	610000	284	2000000	20000000	0.0001	438
10	r4.2xlarge	80	610000	284	2000000	20000000	0.0001	442
10	r4.2xlarge	80	610000	284	2000000	20000000	0.0001	448
10	r4.2xlarge	80	610000	284	2000000	20000000	0.0001	452
10	r4.2xlarge	80	610000	284	2000000	20000000	0.0005	358
10	r4.2xlarge	80	610000	284	2000000	20000000	0.0005	358
10	r4.2xlarge	80	610000	284	2000000	20000000	0.0005	362
10	r4.2xlarge	80	610000	284	2000000	20000000	0.0005	364
10	r4.2xlarge	80	610000	284	2000000	20000000	0.0005	376
10	r4.2xlarge	80	610000	284	2000000	20000000	0.001	314
10	r4.2xlarge	80	610000	284	2000000	20000000	0.001	316
10	r4.2xlarge	80	610000	284	2000000	20000000	0.001	320
10	r4.2xlarge	80	610000	284	2000000	20000000	0.001	320
10	r4.2xlarge	80	610000	284	2000000	20000000	0.001	336
10	r4.2xlarge	80	610000	284	2000000	20000000	0.005	238
10	r4.2xlarge	80	610000	284	2000000	20000000	0.005	240
10	r4.2xlarge	80	610000	284	2000000	20000000	0.005	252
10	r4.2xlarge	80	610000	284	2000000	20000000	0.005	254
10	r4.2xlarge	80	610000	284	2000000	20000000	0.005	258
10	r4.2xlarge	80	610000	284	2000000	20000000	0.01	200
10	r4.2xlarge	80	610000	284	2000000	20000000	0.01	202
10	r4.2xlarge	80	610000	284	2000000	20000000	0.01	204
10	r4.2xlarge	80	610000	284	2000000	20000000	0.01	210
10	r4.2xlarge	80	610000	284	2000000	20000000	0.01	212
10	r4.2xlarge	80	610000	291	3000000	20000000	0.0001	528
10	r4.2xlarge	80	610000	291	3000000	20000000	0.0001	536
10	r4.2xlarge	80	610000	291	3000000	20000000	0.0001	554
10	r4.2xlarge	80	610000	291	3000000	20000000	0.0001	562
10	r4.2xlarge	80	610000	291	3000000	20000000	0.0001	574
10	r4.2xlarge	80	610000	291	3000000	20000000	0.0005	434
10	r4.2xlarge	80	610000	291	3000000	20000000	0.0005	446
10	r4.2xlarge	80	610000	291	3000000	20000000	0.0005	446
10	r4.2xlarge	80	610000	291	3000000	20000000	0.0005	448
10	r4.2xlarge	80	610000	291	3000000	20000000	0.0005	464
10	r4.2xlarge	80	610000	291	3000000	20000000	0.001	386
10	r4.2xlarge	80	610000	291	3000000	20000000	0.001	392
10	r4.2xlarge	80	610000	291	3000000	20000000	0.001	404
10	r4.2xlarge	80	610000	291	3000000	20000000	0.001	414
10	r4.2xlarge	80	610000	291	3000000	20000000	0.001	418
10	r4.2xlarge	80	610000	291	3000000	20000000	0.005	292
10	r4.2xlarge	80	610000	291	3000000	20000000	0.005	292
10	r4.2xlarge	80	610000	291	3000000	20000000	0.005	296
10	r4.2xlarge	80	610000	291	3000000	20000000	0.005	320
10	r4.2xlarge	80	610000	291	3000000	20000000	0.005	328
10	r4.2xlarge	80	610000	291	3000000	20000000	0.01	244
10	r4.2xlarge	80	610000	291	3000000	20000000	0.01	244
10	r4.2xlarge	80	610000	291	3000000	20000000	0.01	246
10	r4.2xlarge	80	610000	291	3000000	20000000	0.01	254
10	r4.2xlarge	80	610000	291	3000000	20000000	0.01	270
10	r4.2xlarge	80	610000	394	1000000	30000000	0.0001	338
10	r4.2xlarge	80	610000	394	1000000	30000000	0.0001	342
10	r4.2xlarge	80	610000	394	1000000	30000000	0.0001	344
10	r4.2xlarge	80	610000	394	1000000	30000000	0.0001	350
10	r4.2xlarge	80	610000	394	1000000	30000000	0.0001	352
10	r4.2xlarge	80	610000	394	1000000	30000000	0.0005	284
10	r4.2xlarge	80	610000	394	1000000	30000000	0.0005	284
10	r4.2xlarge	80	610000	394	1000000	30000000	0.0005	290
10	r4.2xlarge	80	610000	394	1000000	30000000	0.0005	300
10	r4.2xlarge	80	610000	394	1000000	30000000	0.0005	306
10	r4.2xlarge	80	610000	394	1000000	30000000	0.001	266
10	r4.2xlarge	80	610000	394	1000000	30000000	0.001	266
10	r4.2xlarge	80	610000	394	1000000	30000000	0.001	270
10	r4.2xlarge	80	610000	394	1000000	30000000	0.001	270
10	r4.2xlarge	80	610000	394	1000000	30000000	0.001	298
10	r4.2xlarge	80	610000	394	1000000	30000000	0.005	198
10	r4.2xlarge	80	610000	394	1000000	30000000	0.005	200
10	r4.2xlarge	80	610000	394	1000000	30000000	0.005	202
10	r4.2xlarge	80	610000	394	1000000	30000000	0.005	208
10	r4.2xlarge	80	610000	394	1000000	30000000	0.005	216
10	r4.2xlarge	80	610000	394	1000000	30000000	0.01	172
10	r4.2xlarge	80	610000	394	1000000	30000000	0.01	178
10	r4.2xlarge	80	610000	394	1000000	30000000	0.01	178
10	r4.2xlarge	80	610000	394	1000000	30000000	0.01	184
10	r4.2xlarge	80	610000	394	1000000	30000000	0.01	188
10	r4.2xlarge	80	610000	426	2000000	30000000	0.0001	516
10	r4.2xlarge	80	610000	426	2000000	30000000	0.0001	536
10	r4.2xlarge	80	610000	426	2000000	30000000	0.0001	536
10	r4.2xlarge	80	610000	426	2000000	30000000	0.0001	544
10	r4.2xlarge	80	610000	426	2000000	30000000	0.0001	544
10	r4.2xlarge	80	610000	426	2000000	30000000	0.0005	426
10	r4.2xlarge	80	610000	426	2000000	30000000	0.0005	428
10	r4.2xlarge	80	610000	426	2000000	30000000	0.0005	436
10	r4.2xlarge	80	610000	426	2000000	30000000	0.0005	442
10	r4.2xlarge	80	610000	426	2000000	30000000	0.0005	442
10	r4.2xlarge	80	610000	426	2000000	30000000	0.001	386
10	r4.2xlarge	80	610000	426	2000000	30000000	0.001	394
10	r4.2xlarge	80	610000	426	2000000	30000000	0.001	394
10	r4.2xlarge	80	610000	426	2000000	30000000	0.001	398
10	r4.2xlarge	80	610000	426	2000000	30000000	0.001	398
10	r4.2xlarge	80	610000	426	2000000	30000000	0.005	286
10	r4.2xlarge	80	610000	426	2000000	30000000	0.005	286
10	r4.2xlarge	80	610000	426	2000000	30000000	0.005	294
10	r4.2xlarge	80	610000	426	2000000	30000000	0.005	298
10	r4.2xlarge	80	610000	426	2000000	30000000	0.005	304
10	r4.2xlarge	80	610000	426	2000000	30000000	0.01	246
10	r4.2xlarge	80	610000	426	2000000	30000000	0.01	250
10	r4.2xlarge	80	610000	426	2000000	30000000	0.01	254
10	r4.2xlarge	80	610000	426	2000000	30000000	0.01	258
10	r4.2xlarge	80	610000	426	2000000	30000000	0.01	258
10	r4.2xlarge	80	610000	436	3000000	30000000	0.0001	670
10	r4.2xlarge	80	610000	436	3000000	30000000	0.0001	676
10	r4.2xlarge	80	610000	436	3000000	30000000	0.0001	682
10	r4.2xlarge	80	610000	436	3000000	30000000	0.0001	684
10	r4.2xlarge	80	610000	436	3000000	30000000	0.0001	692
10	r4.2xlarge	80	610000	436	3000000	30000000	0.0005	530
10	r4.2xlarge	80	610000	436	3000000	30000000	0.0005	544
10	r4.2xlarge	80	610000	436	3000000	30000000	0.0005	546
10	r4.2xlarge	80	610000	436	3000000	30000000	0.0005	548
10	r4.2xlarge	80	610000	436	3000000	30000000	0.0005	550
10	r4.2xlarge	80	610000	436	3000000	30000000	0.001	484
10	r4.2xlarge	80	610000	436	3000000	30000000	0.001	494
10	r4.2xlarge	80	610000	436	3000000	30000000	0.001	494
10	r4.2xlarge	80	610000	436	3000000	30000000	0.001	496
10	r4.2xlarge	80	610000	436	3000000	30000000	0.001	516
10	r4.2xlarge	80	610000	436	3000000	30000000	0.005	364
10	r4.2xlarge	80	610000	436	3000000	30000000	0.005	364
10	r4.2xlarge	80	610000	436	3000000	30000000	0.005	366
10	r4.2xlarge	80	610000	436	3000000	30000000	0.005	370
10	r4.2xlarge	80	610000	436	3000000	30000000	0.005	372
10	r4.2xlarge	80	610000	436	3000000	30000000	0.01	302
10	r4.2xlarge	80	610000	436	3000000	30000000	0.01	304
10	r4.2xlarge	80	610000	436	3000000	30000000	0.01	308
10	r4.2xlarge	80	610000	436	3000000	30000000	0.01	310
10	r4.2xlarge	80	610000	436	3000000	30000000	0.01	324
10	r4.xlarge	40	305000	284	2000000	20000000	0.001	408
10	r4.xlarge	40	305000	284	2000000	20000000	0.001	412
10	r4.xlarge	40	305000	284	2000000	20000000	0.001	418
10	r4.xlarge	40	305000	284	2000000	20000000	0.001	428
10	r4.xlarge	40	305000	284	2000000	20000000	0.001	440
12	m4.2xlarge	96	384000	284	2000000	20000000	0.001	290
12	m4.2xlarge	96	384000	284	2000000	20000000	0.001	298
12	m4.2xlarge	96	384000	284	2000000	20000000	0.001	304
12	m4.2xlarge	96	384000	284	2000000	20000000	0.001	304
12	m4.2xlarge	96	384000	284	2000000	20000000	0.001	328
12	r4.2xlarge	96	732000	131	1000000	10000000	0.0001	228
12	r4.2xlarge	96	732000	131	1000000	10000000	0.0001	230
12	r4.2xlarge	96	732000	131	1000000	10000000	0.0001	236
12	r4.2xlarge	96	732000	131	1000000	10000000	0.0001	242
12	r4.2xlarge	96	732000	131	1000000	10000000	0.0001	248
12	r4.2xlarge	96	732000	131	1000000	10000000	0.0005	188
12	r4.2xlarge	96	732000	131	1000000	10000000	0.0005	190
12	r4.2xlarge	96	732000	131	1000000	10000000	0.0005	192
12	r4.2xlarge	96	732000	131	1000000	10000000	0.0005	196
12	r4.2xlarge	96	732000	131	1000000	10000000	0.0005	202
12	r4.2xlarge	96	732000	131	1000000	10000000	0.001	172
12	r4.2xlarge	96	732000	131	1000000	10000000	0.001	172
12	r4.2xlarge	96	732000	131	1000000	10000000	0.001	172
12	r4.2xlarge	96	732000	131	1000000	10000000	0.001	174
12	r4.2xlarge	96	732000	131	1000000	10000000	0.001	180
12	r4.2xlarge	96	732000	131	1000000	10000000	0.005	134
12	r4.2xlarge	96	732000	131	1000000	10000000	0.005	136
12	r4.2xlarge	96	732000	131	1000000	10000000	0.005	136
12	r4.2xlarge	96	732000	131	1000000	10000000	0.005	136
12	r4.2xlarge	96	732000	131	1000000	10000000	0.005	142
12	r4.2xlarge	96	732000	131	1000000	10000000	0.01	120
12	r4.2xlarge	96	732000	131	1000000	10000000	0.01	122
12	r4.2xlarge	96	732000	131	1000000	10000000	0.01	122
12	r4.2xlarge	96	732000	131	1000000	10000000	0.01	124
12	r4.2xlarge	96	732000	131	1000000	10000000	0.01	124
12	r4.2xlarge	96	732000	142	2000000	10000000	0.0001	324
12	r4.2xlarge	96	732000	142	2000000	10000000	0.0001	326
12	r4.2xlarge	96	732000	142	2000000	10000000	0.0001	346
12	r4.2xlarge	96	732000	142	2000000	10000000	0.0001	352
12	r4.2xlarge	96	732000	142	2000000	10000000	0.0001	356
12	r4.2xlarge	96	732000	142	2000000	10000000	0.0005	272
12	r4.2xlarge	96	732000	142	2000000	10000000	0.0005	284
12	r4.2xlarge	96	732000	142	2000000	10000000	0.0005	284
12	r4.2xlarge	96	732000	142	2000000	10000000	0.0005	294
12	r4.2xlarge	96	732000	142	2000000	10000000	0.0005	300
12	r4.2xlarge	96	732000	142	2000000	10000000	0.001	240
12	r4.2xlarge	96	732000	142	2000000	10000000	0.001	246
12	r4.2xlarge	96	732000	142	2000000	10000000	0.001	252
12	r4.2xlarge	96	732000	142	2000000	10000000	0.001	254
12	r4.2xlarge	96	732000	142	2000000	10000000	0.001	264
12	r4.2xlarge	96	732000	142	2000000	10000000	0.005	184
12	r4.2xlarge	96	732000	142	2000000	10000000	0.005	184
12	r4.2xlarge	96	732000	142	2000000	10000000	0.005	190
12	r4.2xlarge	96	732000	142	2000000	10000000	0.005	190
12	r4.2xlarge	96	732000	142	2000000	10000000	0.005	204
12	r4.2xlarge	96	732000	142	2000000	10000000	0.01	160
12	r4.2xlarge	96	732000	142	2000000	10000000	0.01	160
12	r4.2xlarge	96	732000	142	2000000	10000000	0.01	172
12	r4.2xlarge	96	732000	142	2000000	10000000	0.01	174
12	r4.2xlarge	96	732000	142	2000000	10000000	0.01	180
12	r4.2xlarge	96	732000	145	3000000	10000000	0.0001	362
12	r4.2xlarge	96	732000	145	3000000	10000000	0.0001	364
12	r4.2xlarge	96	732000	145	3000000	10000000	0.0001	372
12	r4.2xlarge	96	732000	145	3000000	10000000	0.0001	372
12	r4.2xlarge	96	732000	145	3000000	10000000	0.0001	380
12	r4.2xlarge	96	732000	145	3000000	10000000	0.0005	292
12	r4.2xlarge	96	732000	145	3000000	10000000	0.0005	300
12	r4.2xlarge	96	732000	145	3000000	10000000	0.0005	304
12	r4.2xlarge	96	732000	145	3000000	10000000	0.0005	304
12	r4.2xlarge	96	732000	145	3000000	10000000	0.0005	328
12	r4.2xlarge	96	732000	145	3000000	10000000	0.001	268
12	r4.2xlarge	96	732000	145	3000000	10000000	0.001	274
12	r4.2xlarge	96	732000	145	3000000	10000000	0.001	278
12	r4.2xlarge	96	732000	145	3000000	10000000	0.001	280
12	r4.2xlarge	96	732000	145	3000000	10000000	0.001	286
12	r4.2xlarge	96	732000	145	3000000	10000000	0.005	208
12	r4.2xlarge	96	732000	145	3000000	10000000	0.005	214
12	r4.2xlarge	96	732000	145	3000000	10000000	0.005	220
12	r4.2xlarge	96	732000	145	3000000	10000000	0.005	220
12	r4.2xlarge	96	732000	145	3000000	10000000	0.005	224
12	r4.2xlarge	96	732000	145	3000000	10000000	0.01	178
12	r4.2xlarge	96	732000	145	3000000	10000000	0.01	178
12	r4.2xlarge	96	732000	145	3000000	10000000	0.01	180
12	r4.2xlarge	96	732000	145	3000000	10000000	0.01	196
12	r4.2xlarge	96	732000	145	3000000	10000000	0.01	196
12	r4.2xlarge	96	732000	263	1000000	20000000	0.0001	266
12	r4.2xlarge	96	732000	263	1000000	20000000	0.0001	278
12	r4.2xlarge	96	732000	263	1000000	20000000	0.0001	280
12	r4.2xlarge	96	732000	263	1000000	20000000	0.0001	286
12	r4.2xlarge	96	732000	263	1000000	20000000	0.0001	302
12	r4.2xlarge	96	732000	263	1000000	20000000	0.0005	228
12	r4.2xlarge	96	732000	263	1000000	20000000	0.0005	230
12	r4.2xlarge	96	732000	263	1000000	20000000	0.0005	230
12	r4.2xlarge	96	732000	263	1000000	20000000	0.0005	234
12	r4.2xlarge	96	732000	263	1000000	20000000	0.0005	264
12	r4.2xlarge	96	732000	263	1000000	20000000	0.001	200
12	r4.2xlarge	96	732000	263	1000000	20000000	0.001	208
12	r4.2xlarge	96	732000	263	1000000	20000000	0.001	210
12	r4.2xlarge	96	732000	263	1000000	20000000	0.001	222
12	r4.2xlarge	96	732000	263	1000000	20000000	0.001	228
12	r4.2xlarge	96	732000	263	1000000	20000000	0.005	160
12	r4.2xlarge	96	732000	263	1000000	20000000	0.005	166
12	r4.2xlarge	96	732000	263	1000000	20000000	0.005	168
12	r4.2xlarge	96	732000	263	1000000	20000000	0.005	172
12	r4.2xlarge	96	732000	263	1000000	20000000	0.005	172
12	r4.2xlarge	96	732000	263	1000000	20000000	0.01	142
12	r4.2xlarge	96	732000	263	1000000	20000000	0.01	146
12	r4.2xlarge	96	732000	263	1000000	20000000	0.01	146
12	r4.2xlarge	96	732000	263	1000000	20000000	0.01	146
12	r4.2xlarge	96	732000	263	1000000	20000000	0.01	154
12	r4.2xlarge	96	732000	284	2000000	20000000	0.0001	424
12	r4.2xlarge	96	732000	284	2000000	20000000	0.0001	442
12	r4.2xlarge	96	732000	284	2000000	20000000	0.0001	442
12	r4.2xlarge	96	732000	284	2000000	20000000	0.0001	448
12	r4.2xlarge	96	732000	284	2000000	20000000	0.0001	460
12	r4.2xlarge	96	732000	284	2000000	20000000	0.0005	342
12	r4.2xlarge	96	732000	284	2000000	20000000	0.0005	342
12	r4.2xlarge	96	732000	284	2000000	20000000	0.0005	352
12	r4.2xlarge	96	732000	284	2000000	20000000	0.0005	352
12	r4.2xlarge	96	732000	284	2000000	20000000	0.0005	356
12	r4.2xlarge	96	732000	284	2000000	20000000	0.001	308
12	r4.2xlarge	96	732000	284	2000000	20000000	0.001	318
12	r4.2xlarge	96	732000	284	2000000	20000000	0.001	322
12	r4.2xlarge	96	732000	284	2000000	20000000	0.001	332
12	r4.2xlarge	96	732000	284	2000000	20000000	0.001	344
12	r4.2xlarge	96	732000	284	2000000	20000000	0.005	232
12	r4.2xlarge	96	732000	284	2000000	20000000	0.005	234
12	r4.2xlarge	96	732000	284	2000000	20000000	0.005	238
12	r4.2xlarge	96	732000	284	2000000	20000000	0.005	242
12	r4.2xlarge	96	732000	284	2000000	20000000	0.005	254
12	r4.2xlarge	96	732000	284	2000000	20000000	0.01	206
12	r4.2xlarge	96	732000	284	2000000	20000000	0.01	206
12	r4.2xlarge	96	732000	284	2000000	20000000	0.01	212
12	r4.2xlarge	96	732000	284	2000000	20000000	0.01	216
12	r4.2xlarge	96	732000	284	2000000	20000000	0.01	220
12	r4.2xlarge	96	732000	291	3000000	20000000	0.0001	530
12	r4.2xlarge	96	732000	291	3000000	20000000	0.0001	542
12	r4.2xlarge	96	732000	291	3000000	20000000	0.0001	546
12	r4.2xlarge	96	732000	291	3000000	20000000	0.0001	564
12	r4.2xlarge	96	732000	291	3000000	20000000	0.0001	578
12	r4.2xlarge	96	732000	291	3000000	20000000	0.0005	438
12	r4.2xlarge	96	732000	291	3000000	20000000	0.0005	446
12	r4.2xlarge	96	732000	291	3000000	20000000	0.0005	448
12	r4.2xlarge	96	732000	291	3000000	20000000	0.0005	450
12	r4.2xlarge	96	732000	291	3000000	20000000	0.0005	458
12	r4.2xlarge	96	732000	291	3000000	20000000	0.001	392
12	r4.2xlarge	96	732000	291	3000000	20000000	0.001	394
12	r4.2xlarge	96	732000	291	3000000	20000000	0.001	398
12	r4.2xlarge	96	732000	291	3000000	20000000	0.001	402
12	r4.2xlarge	96	732000	291	3000000	20000000	0.001	404
12	r4.2xlarge	96	732000	291	3000000	20000000	0.005	290
12	r4.2xlarge	96	732000	291	3000000	20000000	0.005	296
12	r4.2xlarge	96	732000	291	3000000	20000000	0.005	296
12	r4.2xlarge	96	732000	291	3000000	20000000	0.005	314
12	r4.2xlarge	96	732000	291	3000000	20000000	0.005	316
12	r4.2xlarge	96	732000	291	3000000	20000000	0.01	242
12	r4.2xlarge	96	732000	291	3000000	20000000	0.01	252
12	r4.2xlarge	96	732000	291	3000000	20000000	0.01	252
12	r4.2xlarge	96	732000	291	3000000	20000000	0.01	252
12	r4.2xlarge	96	732000	291	3000000	20000000	0.01	266
12	r4.2xlarge	96	732000	394	1000000	30000000	0.0001	334
12	r4.2xlarge	96	732000	394	1000000	30000000	0.0001	338
12	r4.2xlarge	96	732000	394	1000000	30000000	0.0001	344
12	r4.2xlarge	96	732000	394	1000000	30000000	0.0001	344
12	r4.2xlarge	96	732000	394	1000000	30000000	0.0001	350
12	r4.2xlarge	96	732000	394	1000000	30000000	0.0005	278
12	r4.2xlarge	96	732000	394	1000000	30000000	0.0005	290
12	r4.2xlarge	96	732000	394	1000000	30000000	0.0005	290
12	r4.2xlarge	96	732000	394	1000000	30000000	0.0005	292
12	r4.2xlarge	96	732000	394	1000000	30000000	0.0005	306
12	r4.2xlarge	96	732000	394	1000000	30000000	0.001	258
12	r4.2xlarge	96	732000	394	1000000	30000000	0.001	258
12	r4.2xlarge	96	732000	394	1000000	30000000	0.001	264
12	r4.2xlarge	96	732000	394	1000000	30000000	0.001	276
12	r4.2xlarge	96	732000	394	1000000	30000000	0.001	280
12	r4.2xlarge	96	732000	394	1000000	30000000	0.005	194
12	r4.2xlarge	96	732000	394	1000000	30000000	0.005	198
12	r4.2xlarge	96	732000	394	1000000	30000000	0.005	202
12	r4.2xlarge	96	732000	394	1000000	30000000	0.005	202
12	r4.2xlarge	96	732000	394	1000000	30000000	0.005	206
12	r4.2xlarge	96	732000	394	1000000	30000000	0.01	170
12	r4.2xlarge	96	732000	394	1000000	30000000	0.01	172
12	r4.2xlarge	96	732000	394	1000000	30000000	0.01	174
12	r4.2xlarge	96	732000	394	1000000	30000000	0.01	174
12	r4.2xlarge	96	732000	394	1000000	30000000	0.01	174
12	r4.2xlarge	96	732000	426	2000000	30000000	0.0001	520
12	r4.2xlarge	96	732000	426	2000000	30000000	0.0001	534
12	r4.2xlarge	96	732000	426	2000000	30000000	0.0001	544
12	r4.2xlarge	96	732000	426	2000000	30000000	0.0001	546
12	r4.2xlarge	96	732000	426	2000000	30000000	0.0001	554
12	r4.2xlarge	96	732000	426	2000000	30000000	0.0005	432
12	r4.2xlarge	96	732000	426	2000000	30000000	0.0005	434
12	r4.2xlarge	96	732000	426	2000000	30000000	0.0005	436
12	r4.2xlarge	96	732000	426	2000000	30000000	0.0005	438
12	r4.2xlarge	96	732000	426	2000000	30000000	0.0005	440
12	r4.2xlarge	96	732000	426	2000000	30000000	0.001	392
12	r4.2xlarge	96	732000	426	2000000	30000000	0.001	394
12	r4.2xlarge	96	732000	426	2000000	30000000	0.001	396
12	r4.2xlarge	96	732000	426	2000000	30000000	0.001	402
12	r4.2xlarge	96	732000	426	2000000	30000000	0.001	404
12	r4.2xlarge	96	732000	426	2000000	30000000	0.005	286
12	r4.2xlarge	96	732000	426	2000000	30000000	0.005	296
12	r4.2xlarge	96	732000	426	2000000	30000000	0.005	296
12	r4.2xlarge	96	732000	426	2000000	30000000	0.005	296
12	r4.2xlarge	96	732000	426	2000000	30000000	0.005	300
12	r4.2xlarge	96	732000	426	2000000	30000000	0.01	250
12	r4.2xlarge	96	732000	426	2000000	30000000	0.01	252
12	r4.2xlarge	96	732000	426	2000000	30000000	0.01	254
12	r4.2xlarge	96	732000	426	2000000	30000000	0.01	254
12	r4.2xlarge	96	732000	426	2000000	30000000	0.01	268
12	r4.2xlarge	96	732000	436	3000000	30000000	0.0001	664
12	r4.2xlarge	96	732000	436	3000000	30000000	0.0001	666
12	r4.2xlarge	96	732000	436	3000000	30000000	0.0001	676
12	r4.2xlarge	96	732000	436	3000000	30000000	0.0001	676
12	r4.2xlarge	96	732000	436	3000000	30000000	0.0001	698
12	r4.2xlarge	96	732000	436	3000000	30000000	0.0005	538
12	r4.2xlarge	96	732000	436	3000000	30000000	0.0005	542
12	r4.2xlarge	96	732000	436	3000000	30000000	0.0005	544
12	r4.2xlarge	96	732000	436	3000000	30000000	0.0005	546
12	r4.2xlarge	96	732000	436	3000000	30000000	0.0005	546
12	r4.2xlarge	96	732000	436	3000000	30000000	0.001	478
12	r4.2xlarge	96	732000	436	3000000	30000000	0.001	490
12	r4.2xlarge	96	732000	436	3000000	30000000	0.001	492
12	r4.2xlarge	96	732000	436	3000000	30000000	0.001	500
12	r4.2xlarge	96	732000	436	3000000	30000000	0.001	500
12	r4.2xlarge	96	732000	436	3000000	30000000	0.005	364
12	r4.2xlarge	96	732000	436	3000000	30000000	0.005	368
12	r4.2xlarge	96	732000	436	3000000	30000000	0.005	370
12	r4.2xlarge	96	732000	436	3000000	30000000	0.005	372
12	r4.2xlarge	96	732000	436	3000000	30000000	0.005	376
12	r4.2xlarge	96	732000	436	3000000	30000000	0.01	302
12	r4.2xlarge	96	732000	436	3000000	30000000	0.01	310
12	r4.2xlarge	96	732000	436	3000000	30000000	0.01	314
12	r4.2xlarge	96	732000	436	3000000	30000000	0.01	314
12	r4.2xlarge	96	732000	436	3000000	30000000	0.01	314
12	r4.xlarge	48	366000	284	2000000	20000000	0.001	400
12	r4.xlarge	48	366000	284	2000000	20000000	0.001	400
12	r4.xlarge	48	366000	284	2000000	20000000	0.001	418
12	r4.xlarge	48	366000	284	2000000	20000000	0.001	422
12	r4.xlarge	48	366000	284	2000000	20000000	0.001	430
